Date,volume,pct_change_1d,rsi,adx,corr,volatility,close
2023-02-02,8523200,-0.026315683773371346,25.717446491083766,20.03838737476671,0.6622472936133722,1.5032803580989986,1.704984426498413
2023-02-03,9219400,0.027026915535985907,39.158321927652516,23.303650499648974,0.7017734412888275,1.806856388606872,1.7510648965835571
2023-02-07,11662300,-0.03684206620778807,30.557416447244883,27.48449912785199,0.8372567298953313,2.094659658161515,1.6865520477294922
2023-02-08,5665300,0.010929030499672532,35.083941240135026,31.247262893234705,0.8722491029469758,2.1606303413802053,1.704984426498413
2023-02-09,6074700,0.005405299205464509,37.35254539568998,33.78749553176663,0.8378571513716909,2.1827000501533953,1.7142003774642944
2023-02-10,4602400,-0.021505234268594964,32.33088568119629,36.516969820516714,0.8341852282748597,2.167438823583939,1.6773360967636108
2023-02-13,4697600,-0.02747262626847713,27.24382263913997,39.834375654233135,0.873817075779256,2.245112879240781,1.631255269050598
2023-02-14,8820100,-0.01129943296389091,25.463175456143176,43.318068825251885,0.907603120268121,2.0693676546170763,1.6128230094909668
2023-02-15,12518500,0.06285709428545672,46.73734333476687,43.75669656792974,0.6571179402038578,3.150525258137724,1.7142003774642944
2023-02-16,10039000,-0.026881751462385806,40.84893332245126,42.98466690810685,0.5657523479665476,3.118589630031038,1.6681196689605713
2023-02-17,5678900,0.0,40.84893332245125,42.289840214266256,0.5557790288595023,3.022760074338203,1.6681196689605713
2023-02-20,7214500,-0.005524825554580004,39.616532204380405,41.96189502237674,0.3983677749053694,2.8483341201167303,1.6589035987854004
2023-02-21,8405400,-0.027777737855395834,33.92957988074559,43.109897540969364,0.5163071701886024,2.748535957170421,1.6128230094909668
2023-02-22,22135300,-0.03428563403684137,28.478752240335854,44.979840082734185,0.5938205547824009,2.8435943243559225,1.5575263500213623
2023-02-23,11225200,-0.00591719644700317,27.65597379180848,47.07140430416902,0.6261733224726942,2.803679529097356,1.548310160636902
2023-02-24,12859600,-0.011904836148164843,25.987519676346118,49.31617652274927,0.7214883281239748,2.7753654733206155,1.529877781867981
2023-02-27,20182200,-0.0060241344071337855,25.14476646919525,51.33647151947148,0.8680948556583806,2.696975790897852,1.5206615924835205
2023-02-28,11562900,0.030303144329274723,36.572041666245546,51.188938606313094,0.9141108573924067,2.9286518050351806,1.5667424201965332
2023-03-01,13272100,-0.0294118721233273,31.268300886690714,51.62844765588657,0.8983665648164004,1.9200021989975766,1.5206615924835205
2023-03-02,6545200,0.003649666508156013,32.57677632766995,52.0240058005027,0.8556048159591616,1.8951023871507555,1.526211500167847
2023-03-03,7129900,0.0060606320965974625,34.87279446237171,51.67955952294044,0.7652737799939768,1.9352449469637651,1.5354613065719604
2023-03-06,4265300,0.006024199746234249,37.24723740424043,49.43078426071641,0.6053949547743716,1.9860046398852396,1.5447112321853638
2023-03-07,5345300,0.017964069545732375,44.04700283516206,47.40688652471478,-0.021944127803681476,1.9791972907088617,1.5724605321884155
2023-03-08,6899600,-0.005882377468158562,42.34748093901047,46.27208170296009,-0.3370936934350417,1.6457543222604762,1.5632107257843018
2023-03-09,3162200,-0.01775155374424564,37.521660122359165,45.25075860449105,-0.39938550182735116,1.7369391556801812,1.5354613065719604
2023-03-10,4630600,0.02409648843516532,46.546081854473556,43.56305798238624,-0.4119955920976358,1.8483553809222941,1.5724605321884155
2023-03-13,5665100,-0.023529509872634247,40.108997515562606,42.044127422491904,-0.17798790664631173,2.0174543375081844,1.5354613065719604
2023-03-14,6281300,0.0,40.1089975155626,42.23922818860334,-0.6483356635978471,1.7393603984054313,1.5354613065719604
2023-03-15,3429600,0.01807236632637399,46.90753094661055,40.85865136625615,-0.5218608567114924,1.541019607576522,1.5632107257843018
2023-03-16,2888000,-0.023668738325660743,40.154694807017236,40.383363272847355,-0.3356742589292918,1.7532054039752178,1.526211500167847
2023-03-17,7030300,0.0,40.154694807017236,39.955603988779444,-0.3107992772484639,1.7408910158931084,1.526211500167847
2023-03-20,4971600,-0.03030284805108896,32.855537400849194,40.907924315261596,0.1811162418579762,1.9560934315535885,1.479962944984436
2023-03-21,6617500,0.0062498645772728345,35.462468306901044,42.51532749225269,0.588105581560596,1.8409661431971682,1.4892125129699707
2023-03-22,2926800,0.01863353937827905,42.85790089283299,42.40618057262329,0.5509039520043405,1.9891991238349265,1.5169618129730225
2023-03-23,3470300,0.006097508266669216,45.18432300883825,41.56991474500971,0.4637193002334652,1.9324470916268983,1.526211500167847
2023-03-24,4797400,0.0060606320965974625,47.55670900982785,40.81727143112994,0.26403280379980043,1.7539738661925888,1.5354613065719604
2023-03-27,4527200,-0.006024122108791219,45.37472258687164,39.32855952302221,0.1746955320308152,1.598321868643416,1.526211500167847
2023-03-28,5341600,0.0,45.37472258687164,38.45547182712865,0.09342877430340533,1.598321868643416,1.526211500167847
2023-03-29,4462000,0.0,45.37472258687164,38.12382948900584,-0.3137535869893065,1.4614501631092565,1.526211500167847
2023-03-30,20950500,-0.072727194619298,25.85083721384861,40.55587517125107,0.34288637518984444,2.6215763280248043,1.4152144193649292
2023-03-31,16846500,0.013071782011626176,31.323088098591356,42.74471895239411,0.5450438289299189,2.693087280655646,1.4337137937545776
2023-04-03,15483000,0.06451615853610382,51.293208495420714,40.85320414509848,0.5565358127433966,3.3316991414394295,1.526211500167847
2023-04-04,16281900,-0.00606055398862293,49.68784401411681,39.150840818532416,0.6035520602809135,3.3434923811424455,1.5169618129730225
2023-04-05,3933200,-0.0060974296824301,48.018022886580034,37.97389613021814,0.5838547069356439,3.3009132752224586,1.5077122449874878
2023-04-06,5444800,-0.0061351526814519275,46.289473014569175,37.27237446937442,0.5517247909982019,3.2979920563781397,1.498462200164795
2023-04-07,5459100,-0.018518279855261888,41.330330321808994,37.61475733409905,0.5238933785679544,3.3281640495260083,1.4707132577896118
2023-04-10,4638200,0.025157172550061224,49.366725335951266,37.92290191235123,0.3605587040309512,3.448863734717713,1.5077122449874878
2023-04-11,11399900,0.012269751898521308,52.94731030706994,36.113703437051996,0.08970268067154326,3.4732882260993483,1.526211500167847
2023-04-12,4927300,0.0,52.94731030706994,34.48542480928269,-0.2982159896551569,3.4732882260993483,1.526211500167847
2023-04-13,2997700,-0.012121029869270772,48.69596909505064,33.48108753824825,0.08366505929151569,2.422428268919248,1.5077122449874878
2023-04-14,4672000,-0.0061351526814519275,46.61642511371922,31.829668976556672,-0.07935064060945549,2.4415543697945687,1.498462200164795
2023-04-17,2606500,0.006173025133150212,49.034708008960095,30.343392271034258,-0.12668419879637732,1.2681661729597344,1.5077122449874878
2023-04-18,3080900,0.0,49.034708008960095,29.005743236064085,-0.1765932171749254,1.2565020286905653,1.5077122449874878
2023-04-19,8649800,-0.0061351526814519275,46.43763292298943,26.146954416308905,-0.2186364388831827,1.25668794248742,1.498462200164795
2023-04-20,5703800,-0.00617278646989361,43.856807509373326,23.574044478529242,-0.2581943001279983,1.2568745173974467,1.4892125129699707
2023-04-25,3008400,-0.012422172805589327,39.03581465989411,23.325886851332115,-0.6063864775268597,1.1719461290047815,1.4707132577896118
2023-04-26,2743700,-0.025157496771765042,31.372065717349734,24.581635787631328,-0.10665236287051345,1.048356833333667,1.4337137937545776
2023-04-27,1167100,0.01290328159554166,38.12115140775544,25.71181045774609,0.3933424273192753,1.0600586917672308,1.4522134065628052
2023-04-28,3872900,0.006369371851976613,41.326728441736186,24.912828095359547,0.7069849336809187,1.110740396707904,1.4614630937576294
2023-05-02,4152100,0.025316483574029602,52.30755971322717,22.793971512045346,0.4509442692447009,1.4078826789048264,1.498462200164795
2023-05-03,5880200,-0.018518279855261888,45.2503988696625,21.375422389110646,0.4062607267825692,1.5132173767612052,1.4707132577896118
2023-05-05,1866300,-0.012578829441308503,41.13892282948284,20.098749671371174,0.4124522412859811,1.520099095376899,1.4522134065628052
2023-05-08,7570000,0.012739072055940603,46.53640256600472,19.187898964832716,0.2300917269725706,1.604997708802709,1.4707132577896118
2023-05-09,5668100,0.0,46.536402566004725,17.672810029821374,-0.008400001027038346,1.6007078404150208,1.4707132577896118
2023-05-10,9596100,0.0,46.53640256600471,17.966988899385406,-0.3012284418904796,1.5936528715241014,1.4707132577896118
2023-05-11,16561600,0.0,46.53640256600472,18.231749881993036,-0.49043685683406263,1.5435204679612275,1.4707132577896118
2023-05-12,30140800,0.006289252609802398,50.02840696333513,21.10784896797987,-0.16986742185820417,1.2672029024862954,1.479962944984436
2023-05-15,8838300,-0.006249945126106882,46.64336564050835,23.696338145368017,0.17020878183310376,1.2497463483552762,1.4707132577896118
2023-05-16,9127700,-0.006289576831506105,43.38173976334001,24.48383694137185,0.39415231243166604,1.2571957657316646,1.4614630937576294
2023-05-17,10820600,-0.012658201002786251,37.54739635825094,23.81902573180169,0.05013490380146376,0.9445537916384342,1.4429636001586914
2023-05-18,13392200,0.019231017073381818,48.98291665018165,23.220709698032444,-0.1285118292896275,1.0374782235454156,1.4707132577896118
2023-05-19,7873100,0.006289252609802398,52.22296493522246,23.17965370993457,0.1928280413998674,0.9502224256451924,1.479962944984436
2023-05-22,13364000,-0.006249945126106882,48.78072160540993,25.085479623447394,0.18950923644250206,0.898666158577311,1.4707132577896118
2023-05-23,7642300,0.006289252609802398,52.275944486479986,26.800716770489736,0.252836619953441,0.9201357678585089,1.479962944984436
2023-05-24,8822400,0.0,52.27594448647997,28.982990068254992,0.35092536151589565,0.9201357678585089,1.479962944984436
2023-05-25,13369700,0.012499809703379716,59.15762607895392,30.947010494131092,0.6180843115826746,0.9921794487209956,1.498462200164795
2023-05-26,15501100,-0.012345493385368278,50.98831582532164,33.58769593543006,0.6202496602529197,1.0726310737358797,1.479962944984436
2023-05-29,11967700,0.0062498645772728345,54.4804976949204,35.964312832599134,0.6897962113343845,1.0638336025568154,1.4892125129699707
2023-05-30,14303200,0.012422492999754953,60.70291387027882,38.103268040051304,0.8534198162686919,1.0799186976699295,1.5077122449874878
2023-05-31,97905800,-0.03680996729262698,41.70140213801574,35.625518216406846,0.16235694568066955,1.6122008773919143,1.4522134065628052
2023-06-01,8955500,-0.008951449793052069,38.56007006301944,33.39554337512683,-0.15922421760604968,1.4954922887983342,1.4392139911651611
2023-06-02,6240200,0.025806671778899837,50.4173255784699,31.388566017974814,-0.15690161640336123,1.7261453571720313,1.4763553142547607
2023-06-06,6641000,-0.018868162194783267,43.4323151424818,30.06905049748414,-0.214531766803411,1.8196141694484635,1.4484992027282717
2023-06-07,5937100,-0.012820457954856423,39.389984261835735,28.881486529042537,0.12838665333752536,1.8305433938755178,1.4299287796020508
2023-06-08,4194700,0.01948060176511901,47.52930500445765,27.812678957445094,0.25106956318882523,1.9678534401458319,1.457784652709961
2023-06-09,5752700,-0.012738960799372978,43.22910999818058,26.012833629948325,0.4543253546165529,1.9322472437059208,1.4392139911651611
2023-06-12,2958900,0.01935483817529371,50.667885467409434,23.92470632433011,0.33213397968344804,2.0348344441974873,1.4670697450637815
2023-06-13,3727100,0.006329330437235381,52.9512484468657,22.71230637685455,0.13109930559775057,2.0351369969988173,1.4763553142547607
2023-06-14,2842100,0.0,52.951248446865705,21.621146424126543,-0.38460041302202547,1.9835355211026136,1.4763553142547607
2023-06-15,6129000,-0.006289521974367274,50.08902968500739,19.932527660276996,-0.42922830383339855,1.581037688823889,1.4670697450637815
2023-06-16,21150000,-0.025316427924915064,40.386860142418676,19.136088351069816,-0.07865327177938473,1.7703478259591783,1.4299287796020508
2023-06-19,2530700,0.025973996741339045,50.94459191636346,19.104194308200867,-0.43209399965619744,1.7731168676785314,1.4670697450637815
2023-06-20,3968600,-0.025316427924915064,42.56796767993265,19.075476617908777,-0.2073568215094235,1.8571161937965024,1.4299287796020508
2023-06-21,5292500,0.01948060176511901,49.48909969158593,19.14110929394386,0.1149113750055646,1.911388306669504,1.457784652709961
2023-06-22,3512400,0.0,49.48909969158593,19.200178702375432,0.16536882143349718,1.8111618467463584,1.457784652709961
2023-06-23,3841100,0.0,49.48909969158593,19.25334116996385,0.515560993746492,1.7543606294629124,1.457784652709961
2023-06-26,3678800,0.012738960799373089,54.50313607889661,20.51418401734059,0.598206378563464,1.6905318861102483,1.4763553142547607
2023-06-27,7173500,-0.012578720966079926,49.08883291835971,18.591521026122017,0.5238592863939308,1.7266739970057936,1.457784652709961
2023-06-28,2796700,0.0063693168511274045,51.75152537776048,16.861124334025305,0.6245732856015265,1.7429790655127189,1.4670697450637815
2023-06-30,8312400,0.006329330437235381,54.401480337448795,15.30373948173885,0.6159327278342618,1.7420358953280348,1.4763553142547607
2023-07-03,3878900,0.01886767772080189,61.45740805455061,15.134197347471176,0.8758328869547929,1.557488014424289,1.5042107105255127
2023-07-04,4323800,-0.0185182807673403,52.4410305346653,14.981635061787227,0.7969325262316534,1.5329818451906003,1.4763553142547607
2023-07-05,7127400,-0.03773592066124887,39.54752193382134,15.669447354219884,0.10494657130435119,1.7953632398527468,1.42064368724823
2023-07-06,7292800,0.0,39.54752193382134,16.795421895042956,0.01014323131446842,1.654585937454597,1.42064368724823
2023-07-07,3025300,-0.006536086469138169,37.64312421844932,17.808810656566028,0.18089741041258495,1.6567285685809292,1.4113582372665403
2023-07-10,3661600,-0.013157838056896853,34.004394808153826,20.136466703904205,0.4886792085886697,1.6813830747249119,1.3927878141403198
2023-07-11,7456800,-0.006666723156341758,32.2713329099137,23.786917230483347,0.6643391526438774,1.5695789351133784,1.38350248336792
2023-07-12,3838400,0.006711466646446729,35.90116591317451,26.204168051919048,0.6932115386406564,1.6028810722893916,1.3927878141403198
2023-07-13,3150400,-0.013333360722266763,32.080493086630995,28.379695706033164,0.750123078188281,1.5762064056313494,1.3742172718048096
2023-07-14,12542400,0.0,32.080493086631,30.670944327010613,0.768920498697323,1.5314668984175823,1.3742172718048096
2023-07-17,6619700,-0.006756727450322186,30.102964540268573,32.73306808589032,0.8235709350636575,1.2356832455841527,1.3649320602416992
2023-07-18,3673200,0.006802691381918358,34.58346719597804,34.58898075814177,0.8944802439639105,1.2908163217211093,1.3742172718048096
2023-07-20,8809300,-0.020270008856873467,28.494957242014657,36.987180046299514,0.9103159961115492,0.8836953769295653,1.3463618755340576
2023-07-21,5774500,-0.02068973699723964,23.832839819542816,39.97166806877982,0.9033129115854575,0.9820151648518396,1.3185060024261477
2023-07-24,5692200,0.014084352959152335,32.06592469906099,40.5106707996632,0.8945864916463053,1.1952692205383602,1.3370763063430786
2023-07-25,4907700,-0.0069445032630900405,30.24937575251218,40.995773257458254,0.903276791105081,1.165829561577208,1.3277909755706787
2023-07-26,9649600,0.04195804070237541,49.370454450598764,37.927091698503915,0.6422286333956159,1.8739497789703574,1.38350248336792
2023-07-27,6161300,-0.020134227609632016,42.845245532659064,35.165278295445006,0.4790832679966141,1.9599265716413607,1.355646729469299
2023-07-28,12311700,0.027397318094486645,52.203963087226825,33.60952114699811,0.1664544966336008,2.1265724430571518,1.3927878141403198
2023-07-31,11765800,-0.019999998288191656,45.93589145868284,32.209337861647626,-0.02386904762328362,2.234046664424232,1.3649320602416992
2023-08-01,11729500,-0.02721094020199344,38.9987802427979,29.55457796379476,-0.00637290902175573,2.386579999040996,1.3277909755706787
2023-08-02,8408400,-0.013985953714016786,35.980122643457065,28.156243449863762,-0.006473600684331207,2.38707836709704,1.309220552444458
2023-08-03,8648100,0.0,35.98012264345707,27.363275803166328,0.2162857388596577,2.324273819196418,1.309220552444458
2023-08-04,3869200,-0.007092349691847133,34.339340512102986,26.64960492113864,0.6595697589651571,2.2447933946519067,1.2999351024627686
2023-08-07,7302100,-0.021428481034597602,29.80834405436409,26.963234282271962,0.8710825146335153,2.257127239783369,1.2720794677734375
2023-08-08,6581200,0.014598570927345289,36.058011779496084,27.245500707291956,0.9256879299273355,2.3352487823183057,1.2906500101089478
2023-08-09,13352300,0.028776945857379,46.61980555332278,25.142507147295145,0.7243701403735008,2.0790052752905663,1.3277909755706787
2023-08-10,53599100,0.0839160814047506,65.57433747713497,27.15796415101828,0.2653723227391109,3.3759196886213907,1.4392139911651611
2023-08-11,15285400,-0.006451585115284542,63.48700263655097,29.174626843582285,0.011834949552780591,3.312170517541859,1.4299287796020508
2023-08-14,7951600,0.01948060176511901,66.9896090675673,30.98962326688989,0.08943428419940039,3.2405937352268968,1.457784652709961
2023-08-15,6450100,-0.0063695621739657815,64.69117237202958,32.85360320063328,0.40891901365314687,3.0575426640106254,1.4484992027282717
2023-08-16,4807600,0.006410393574397544,65.9878058870076,34.53118514100234,0.5838706252504404,2.9523191945368885,1.457784652709961
2023-08-17,9725700,0.0,65.9878058870076,34.582051120576565,0.628129152280934,2.9523191945368885,1.457784652709961
2023-08-18,4764600,-0.0063695621739657815,63.12589267930715,34.62783050219337,0.613863450427697,2.947432030988592,1.4484992027282717
2023-08-21,3211600,0.0,63.12589267930715,34.66903194564849,0.5693252989793158,2.7550175822717824,1.4484992027282717
2023-08-22,5432100,-0.006410228977428267,59.9177610628575,34.70611472437484,0.44562692000665965,2.8240922282080776,1.4392139911651611
2023-08-23,3718500,-0.012903087401128555,53.837600621363514,32.99229869005326,-0.2686597854447082,2.8449623113180667,1.42064368724823
2023-08-24,5937800,0.006535834732638746,56.30111190756014,32.002651420768615,-0.474620912395327,0.9368725697885556,1.4299287796020508
2023-08-25,6551300,-0.019480351663244133,47.79832454387144,29.51549480286001,-0.7671295825468691,1.1030300653090135,1.4020732641220093
2023-08-28,3049000,0.006622316666415662,50.56347776183444,27.277031427670817,-0.7584616246017887,0.8779404521038762,1.4113582372665403
2023-08-29,8353700,-0.014550146456754898,44.73964662924606,26.99920895389089,-0.7258540868258926,0.9462484366026017,1.3908227682113647
2023-08-30,30825600,0.04026838964754398,59.03692332908273,25.355579652561158,-0.6364349057016887,1.6811060755147211,1.4468289613723757
2023-09-01,11837100,0.0,59.03692332908273,23.8763132813644,-0.5139900299643504,1.6811060755147211,1.4468289613723757
2023-09-04,7090400,-0.051612848474002604,41.40366985845247,23.630866483374852,0.03498882296731454,2.3345800865299338,1.3721539974212646
2023-09-05,10369400,-0.01360544867790714,38.23168998940669,24.34401429674067,0.5999004371310953,2.340849106838599,1.3534852266311646
2023-09-06,7188100,0.048275841416709486,52.41020024267924,22.253483013852353,0.42879514536249264,2.91250712276905,1.41882586479187
2023-09-07,5636200,-0.0131579013699743,48.85042123386702,20.37200485925287,0.4004089614555365,2.9136707740128855,1.40015709400177
2023-09-08,4704700,0.01333334014452836,52.43971617653863,19.263693171118213,0.22267624835039238,2.9411869077881367,1.41882586479187
2023-09-11,3748000,0.0,52.43971617653862,17.576913248701246,0.2283355601755453,2.8642065169577844,1.41882586479187
2023-09-12,2846900,0.0,52.43971617653862,16.058811318525976,0.2030068837982982,2.8588453526453237,1.41882586479187
2023-09-13,9279600,-0.026315802739948713,43.9739702366839,17.010550846723977,0.4080264549732009,2.9521615679009834,1.38148832321167
2023-09-14,4975100,0.0067568034002589705,46.378574041562345,17.867109815015684,0.2275068396470598,2.611231611009742,1.3908227682113647
2023-09-15,11139600,0.02684565023925889,54.96842332914665,16.374359436039306,-0.541450167634036,2.784946961879072,1.428160309791565
2023-09-18,4636800,-0.013071984896509514,50.47617372132059,15.030884094960566,-0.41611933073343194,2.2140620704038256,1.4094914197921753
2023-09-19,4897600,-0.026489996211836453,42.71822167522624,15.58858108731988,-0.031381780432656374,2.3538999666801907,1.3721539974212646
2023-09-20,6591200,0.020408129578117773,49.221863817875835,15.328730960790676,-0.1324106492071585,1.851483442018819,1.40015709400177
2023-09-21,3783200,0.006666627502294631,51.27096019340907,15.094865846914391,-0.12095130353824565,1.8146199283263806,1.4094914197921753
2023-09-22,7042600,-0.006622477908933666,49.07074203293977,16.058271902366915,-0.1488396701915534,1.770836565156832,1.40015709400177
2023-09-25,5209900,-0.013333340144528472,44.79857025049746,16.925338993592327,-0.054528906803353885,1.8106929114783792,1.38148832321167
2023-09-26,5191900,0.02702704102007747,53.74711466667962,16.7468037327623,-0.46206855821495285,2.0396468519653017,1.41882586479187
2023-09-27,13073100,-0.006578992694825092,51.43116709455197,15.680005048206416,-0.34390145668579813,1.8404609098176132,1.4094914197921753
2023-09-29,7423700,0.0,51.43116709455198,16.11792018014268,-0.33481659515536677,1.8341047967100919,1.4094914197921753
2023-10-02,3987700,-0.006622477908933666,48.833401390365225,16.512038880805633,-0.17273738790962465,1.611799483099254,1.40015709400177
2023-10-03,5081400,0.01333334014452836,53.99697368045424,15.856425965766292,-0.23173539374665655,1.6239885555568587,1.41882586479187
2023-10-04,4693500,-0.006578992694825092,51.13033710195173,15.266380891492592,0.23976719047327405,1.3517521921154165,1.4094914197921753
2023-10-05,8827700,0.019867518302902898,58.47810503551979,14.635779573480523,0.636741250875968,1.344000147756762,1.4374945163726809
2023-10-06,8026200,-0.0064933858702080904,55.393471930160544,14.068253942972172,0.7000663640086167,1.365277698721025,1.428160309791565
2023-10-09,6404400,0.013071817955461418,60.073654718672586,14.39798697479884,0.817217972166824,1.378677503070785,1.4468289613723757
2023-10-10,4054300,0.0,60.073654718672586,14.69474670344284,0.8600445799851786,1.2584266847723746,1.4468289613723757
2023-10-11,20150200,0.025806383040255287,68.28892298143754,15.385955557552396,0.9480113764269501,1.2347351978145993,1.484166383743286
2023-10-12,7519500,0.012578623929626387,71.54200740947417,17.016203743172134,0.9700373402331919,1.1901668341939826,1.5028351545333862
2023-10-13,4303800,-0.0186334324737768,61.096148574783896,16.836979736408907,0.9159155387852437,1.4257270265213347,1.4748321771621704
2023-10-16,17714100,-0.03797470196105046,46.12878506730894,18.06316528203928,0.5682780134055997,1.9493184819473597,1.41882586479187
2023-10-17,7886600,0.006578992694825425,48.46669863559473,19.16673227310661,0.3405865282241965,1.9151540572437735,1.428160309791565
2023-10-18,5660000,0.0,48.46669863559473,20.159942565067208,0.045166822444061554,1.8981284697548826,1.428160309791565
2023-10-19,7223000,0.0,48.46669863559473,21.05383182783175,-0.11002633102172821,1.7848832752368853,1.428160309791565
2023-10-20,4465500,0.006535825507206772,51.362094343021056,21.858332164319837,-0.35106535810502826,1.7838799218118386,1.4374945163726809
2023-10-23,5829700,-0.01948048932469504,43.26007352906353,23.84729617591209,-0.5044530935863986,1.8313633971077197,1.4094914197921753
2023-10-24,7621100,-0.006622477908933666,40.87219111168822,25.637363786345112,-0.5896903088222036,1.833456492904859,1.40015709400177
2023-10-25,6232900,0.01333334014452836,47.33257107769072,24.03065692261823,-0.18766946030893628,1.647825973822811,1.41882586479187
2023-10-26,5489800,-0.03289471141509792,36.311819135199734,24.40609248881765,0.6653723150628064,1.752319380890708,1.3721539974212646
2023-10-27,5294500,0.01360544867790714,42.28440429258284,25.47075771626489,0.8312819285084035,1.847640651848718,1.3908227682113647
2023-10-30,2202800,0.013422739408284867,47.730741908582765,25.71384850015151,0.7164368205731932,1.5389088820118009,1.4094914197921753
2023-10-31,7707400,-0.019867518302902676,41.2440498852858,26.6916827135125,0.7581946802896289,1.6274403358339087,1.38148832321167
2023-11-01,4150700,0.02027023761981872,48.95234573392525,26.8230442653307,0.6217124409451564,1.7898166502943382,1.4094914197921753
2023-11-02,3861600,-0.006622477908933666,46.68400139599606,26.941269661967084,0.5240560914686367,1.7972439835809286,1.40015709400177
2023-11-03,3218400,0.01333334014452836,51.66158059843276,27.047669961208367,0.09561535477755928,1.8446390414279212,1.41882586479187
2023-11-06,4208600,0.006578992694825425,54.04512104461432,25.45835459278356,-0.1599320872213108,1.7379305475556457,1.428160309791565
2023-11-07,9325300,0.03267971182970153,63.9269460489417,24.773316471923714,-0.1247642228738177,1.964613607842661,1.4748321771621704
2023-11-08,5847200,-0.006329157408035302,61.0114805250448,24.15678216314985,-0.11537457023365694,1.9745821229273555,1.4654977321624756
2023-11-09,5939600,0.012738778894773928,64.59920368166358,24.10663422067511,0.5813118103179464,1.5162565201123155,1.484166383743286
2023-11-10,3629600,-0.01886789573408687,56.009220616339675,22.56383387968978,0.6382693619547312,1.7168796120349425,1.4561632871627808
2023-11-14,7297500,-0.02564095846947212,46.79142313310095,22.17546404840268,0.4593240894121396,1.928565765477918,1.41882586479187
2023-11-15,22231400,0.06578942283019629,63.484679972374146,21.759159468327198,0.6599960496148055,2.667816241391475,1.512169599533081
2023-11-16,9109600,-0.006172882329189222,61.34618701327107,21.38448534625926,0.7108047601823589,2.6790499257324925,1.5028351545333862
2023-11-17,9044400,-0.012422367638782572,57.07389329993391,20.509854066065184,0.6457042512112908,2.7172197948628978,1.484166383743286
2023-11-20,5329400,0.012578623929626387,60.15696372523328,20.14343858335075,0.6172174013578837,2.7151126775614967,1.5028351545333862
2023-11-21,13730600,-0.024844655954633588,51.87709102979087,18.504665425687815,0.35096507815980293,2.8853702288591654,1.4654977321624756
2023-11-22,7457800,0.012738778894773928,55.29543479172698,17.029769583791172,0.3875216910472382,2.721327279500784,1.484166383743286
2023-11-23,7190200,0.006289352125165459,56.992660048544394,15.969614366277014,0.3974347349415795,2.713032127907402,1.493500828742981
2023-11-24,5553600,0.012500006984135892,60.33875788446213,15.499331090432827,0.5607733971505445,2.7120136979601,1.512169599533081
2023-11-27,4811200,-0.012345685825098318,55.53765429367523,13.969510266729419,0.47706541855432216,2.6631334661950103,1.493500828742981
2023-11-28,11027300,-0.01249992716543935,51.026428162906456,14.055681805244536,-0.4450013250363793,2.536346576096158,1.4748321771621704
2023-11-29,8228500,-0.0189873913950519,44.942096997655476,14.133236189908141,-0.3403332954359602,1.4176798529958148,1.4468289613723757
2023-11-30,42176200,-0.012903150323382295,41.29476568180769,15.11999790957861,-0.09540311194521377,1.4432169933689964,1.428160309791565
2023-12-01,5564600,0.019607726933192016,48.2891899670161,15.308257827907568,0.025968873032041612,1.6061618120631758,1.4561632871627808
2023-12-04,2907400,-0.0012886421758887545,47.86458492753846,15.477691754403631,0.31902417579968556,1.526229010743326,1.454286813735962
2023-12-05,2722700,-0.006451688528049115,45.635255537602454,17.07124552626801,0.4179685007750058,1.3348781442169464,1.4449042081832886
2023-12-06,2286300,-0.01298691869758739,41.35502249732144,18.505433008837077,0.5916011121503975,1.2803093194717297,1.4261393547058103
2023-12-07,4173000,0.013157797949800765,46.88982526252885,19.79620794869013,0.5889054671379362,1.3571996815117437,1.4449042081832886
2023-12-08,2475900,0.0,46.889825262528845,20.957905394557876,0.570287966191818,1.2496319281643364,1.4449042081832886
2023-12-11,4763000,-0.006493335593922178,44.308542967068874,22.00340327913212,0.5250405873272775,1.222048343008759,1.435521960258484
2023-12-12,3719500,0.0,44.308542967068874,22.944351375248935,0.29554582838067267,1.1875755868160813,1.435521960258484
2023-12-13,4533800,-0.019607821969566785,36.80435977317864,25.48019461452992,0.5195055326901437,1.1971912641108415,1.4073745012283323
2023-12-14,16045100,-0.006666744029030003,34.63198337076672,28.559992336976553,0.7972024956484367,1.1535642200281893,1.3979918956756592
2023-12-15,13890700,0.0,34.63198337076671,31.33181028717852,0.8197885585267922,0.8777736661441333,1.3979918956756592
2023-12-18,12200100,-0.03355701264222699,25.383558356064878,34.79796637457814,0.8488258128053463,1.2707834605749206,1.3510794639587402
2023-12-19,6476400,0.027777836599528705,39.69790880626369,38.17609364522481,0.833281578735212,1.687625324731367,1.388609528541565
2023-12-20,4035400,0.0,39.69790880626369,38.77956236551688,0.8591330490608121,1.659123919987821,1.388609528541565
2023-12-21,4082400,-0.006756835064013811,37.47878398503603,40.40581446126298,0.8217666658584822,1.566725970009206,1.3792269229888916
2023-12-22,4945100,-0.006802714032765,35.28708048091785,42.17102950164796,0.7843399474182258,1.559621945803938,1.3698444366455078
2023-12-26,2665600,0.0,35.28708048091786,43.75972303799443,0.7313801744114555,1.5671871360316323,1.3698444366455078
2023-12-27,8093000,0.0,35.28708048091786,45.51033459566396,0.657227831304933,1.5671871360316323,1.3698444366455078
2023-12-28,3237600,0.0,35.28708048091785,47.08588499756654,0.5599221642526987,1.4781482692115355,1.3698444366455078
2023-12-29,3327200,-0.006849220891877228,32.399347587859836,48.838064807396975,0.507806385783753,1.4787171681360154,1.3604620695114136
2024-01-02,6136900,0.0,32.39934758785984,50.72463466194766,0.36164362073897477,1.4787171681360154,1.3604620695114136
2024-01-03,5423200,0.0068964562440640975,38.602428764363815,50.93692538215307,0.9144887135614169,1.020709103060507,1.3698444366455078
2024-01-04,5112700,-0.01369861583167753,32.064076471590774,51.55051983321856,0.8761119850638126,0.5773630484166774,1.3510794639587402
2024-01-05,9663400,0.03472218545862793,53.800512725324126,47.62886925740837,0.20819954016440542,1.3224745391710424,1.3979918956756592
2024-01-08,5394600,-0.013422805056890752,47.102441532537675,44.099383739179196,-0.03487850568263894,1.3800693771862949,1.3792269229888916
2024-01-09,5964500,-0.006802714032765,44.05532378249218,40.922846772772935,-0.04789273149050993,1.3800693771862949,1.3698444366455078
2024-01-10,4597000,0.0,44.05532378249218,38.84406735080596,-0.07142980076504893,1.3800693771862949,1.3698444366455078
2024-01-11,4535200,0.0,44.05532378249218,36.97316587103568,-0.10654079508842436,1.3800693771862949,1.3698444366455078
2024-01-12,1561000,0.006849307915838709,48.61519909925969,34.10020047173638,-0.17647117293756373,1.396502030721844,1.3792269229888916
2024-01-15,0,0.0,48.6151990992597,31.514531612367005,0.18011958177781798,1.3715573976694964,1.3792269229888916
2024-01-16,4050300,-0.013605341633567525,40.47050083409416,31.648904441493777,0.016354318135152125,1.4526688955097404,1.3604620695114136
2024-01-17,7896900,-0.006896631492300909,37.024409065585736,32.37666066103224,0.01635624874558428,1.4463704022784114,1.3510794639587402
2024-01-18,6276700,0.0,37.024409065585736,33.031641258616865,-0.23751420285117728,1.3790453255250517,1.3510794639587402
2024-01-19,7389400,0.013888874183451083,47.96463567834679,31.086541388500557,-0.10477936149066895,0.8556829980463027,1.3698444366455078
2024-01-22,15907700,-0.02054801077147783,37.195226787244,30.131254354901188,0.4936259504511793,0.9817561701805071,1.341696858406067
2024-01-23,15142700,0.02097908932490178,49.735097327988086,29.271496024661758,0.30482333493204755,1.2178218717671572,1.3698444366455078
2024-01-24,8191800,-0.02054801077147783,40.704775034352465,28.497714050737745,0.5109744542358707,1.3814332567120948,1.341696858406067
2024-01-26,19091300,-0.020979000475256804,33.8714809051414,29.956686371939874,0.760190387949181,1.5019295488886546,1.3135493993759155
2024-01-29,6247400,0.02142855003666,44.267171212474736,29.948452184416617,0.6831949756849,1.6800688483011421,1.341696858406067
2024-01-30,3094900,-0.006992911308773775,41.83160584107957,29.94102416511324,0.6519528939174943,1.6824662829208803,1.3323144912719729
2024-01-31,9778500,-0.028169073314660564,33.61221651440934,32.480340303927484,0.7873173570638226,1.8372345471011933,1.294784426689148
2024-02-02,8528000,0.02898556995992907,45.50872403337041,34.76570910940327,0.7204599775265703,2.120019515919222,1.3323144912719729
2024-02-05,3324500,0.007042156484492246,48.092483987981154,35.54461579174901,0.6134830564750724,2.1360672409685657,1.341696858406067
2024-02-06,2597900,-0.020979000475256804,41.52865425820884,37.13352658585249,0.5696772324110274,2.1597032080844767,1.3135493993759155
2024-02-07,2248700,0.02142855003666,49.22812372675183,38.563546300545624,0.4375103397364459,2.2092270891737478,1.341696858406067
2024-02-08,4241100,0.006993089008063835,51.58915701699546,37.42394505742452,-0.048760655771813606,2.105014808348072,1.3510794639587402
2024-02-09,1517600,-0.02083348774042948,44.66560410202162,36.99368755665833,-0.16810500292211233,2.1079507596971103,1.3229317665100098
2024-02-13,8076100,0.02836903909293187,53.84274226686912,35.49798259291951,-0.07710441802863265,2.170369349693904,1.3604620695114136
2024-02-14,6412500,0.0068964562440640975,55.87547366938812,33.118419910166224,-0.20249010072412577,2.085676660770759,1.3698444366455078
2024-02-15,6548900,-0.006849220891877228,53.268893059776225,30.01616012757524,-0.09727495793670693,2.0849721176790585,1.3604620695114136
2024-02-16,13249000,0.04137917558497639,64.35466582582082,30.105799908484034,0.7797535117826085,2.115848117422237,1.4167568683624268
2024-02-19,14247300,0.02649003947792017,69.68218429116189,31.728727719816014,0.9366406963821292,2.091305181741848,1.454286813735962
2024-02-20,11400500,0.006451524586124524,70.89068321161646,33.189362750014794,0.9541709928910074,2.092000863607107,1.4636691808700562
2024-02-21,12956100,-0.012820501334606882,65.12209271023654,33.56069231855495,0.9211000747107884,1.9750176968988866,1.4449042081832886
2024-02-22,6311800,-0.01298691869758739,59.7223602427219,33.894888930241095,0.8439563076382585,2.047435796857485,1.4261393547058103
2024-02-23,8923900,0.006579024358113417,61.496078474476235,30.890120347587008,0.7958798821936856,2.0473239259038647,1.435521960258484
2024-02-26,24525000,0.026143679583618296,67.79849826316664,30.219755640422186,0.8052777375047584,1.8892367822256766,1.4730517864227295
2024-02-27,16579700,0.01910826169832558,71.66364888113426,30.75256513359683,0.8282148359206454,1.8157135873586565,1.5011992454528809
2024-02-28,16595900,-0.018749982132891252,63.230763235308515,31.571014468948608,0.7716724579241984,2.0331415151806564,1.4730517864227295
2024-02-29,16586000,-0.006369501492855756,60.59005514871066,30.853936015610504,0.6322384396702292,2.0294395380832313,1.4636691808700562
2024-03-01,7797200,0.00641033211281794,62.33771199259394,30.20856540760621,0.5141655027690044,1.6463567191026165,1.4730517864227295
2024-03-04,12891100,-0.012738841132217016,56.74573320766254,30.086381654813287,0.45002289021494835,1.5136218563548545,1.454286813735962
2024-03-05,7268500,-0.006451688528049115,54.05197130024163,27.430572542468262,0.44849996535454156,1.508475815090522,1.4449042081832886
2024-03-06,7353100,-0.019480419298004592,46.66760991670845,25.04034434135774,0.19581784377708136,1.5786128120571015,1.4167568683624268
2024-03-07,13793600,-0.00662242572710392,44.420041492765776,23.454406757002765,-0.1626154759710589,1.5411240032322362,1.4073745012283323
2024-03-08,8054800,0.006711382677477173,47.26119312020803,22.589193567440468,-0.4805714511245998,1.5418734706450186,1.4168199300765991
2024-03-11,7744100,0.0,47.26119312020803,21.07635791120843,-0.36858844366749893,1.2132808734024942,1.4168199300765991
2024-03-12,11874300,-0.013333280606457776,41.96451719804045,20.328709071360247,0.4546087533179351,0.9336359358757851,1.397929072380066
2024-03-13,12457500,0.0,41.96451719804045,20.76590800110318,0.7486506234566189,0.85805450474841,1.397929072380066
2024-03-14,11044800,0.006756644400345513,45.71961411822256,20.328603277684238,0.7249994353311586,0.9349190114899233,1.407374382019043
2024-03-15,73295100,-0.013422766491906768,39.972129678785095,19.93502902660719,0.7864326229820928,0.9022869519208282,1.3884835243225098
2024-03-18,14055400,0.013605388444022593,47.32916649756694,18.605841999243935,0.6832089624141937,1.0513444247861523,1.407374382019043
2024-03-19,14946100,0.0,47.329166497566945,17.409573674617004,0.5488453411764467,1.0491280537853902,1.407374382019043
2024-03-20,6853600,0.0,47.32916649756695,15.80746288755752,0.3842217649230766,0.8651458935967655,1.407374382019043
2024-03-21,14451100,-0.006711298542628419,43.6591948354399,14.870797005358693,0.4537484927765579,0.8658341011400077,1.397929072380066
2024-03-22,9990700,0.006756644400345513,48.128311863528,13.580737909558849,0.16815803421431233,0.8662621382395843,1.407374382019043
2024-03-25,7074200,-0.006711298542628419,44.230028637606,12.419670607025356,-0.2647238804979252,0.8865569458785906,1.397929072380066
2024-03-26,11072800,0.0,44.230028637606,11.374710034745211,-0.10394785231799315,0.779356806272485,1.397929072380066
2024-03-27,13226900,0.013513459351961465,53.52490298999629,11.392921937645783,-0.07538967313494763,0.8883635835993754,1.4168199300765991
2024-03-29,5935100,-0.006666724441860117,48.988895854562685,11.409312650256297,-0.38009391464048586,0.8994184213513204,1.407374382019043
2024-04-01,3548500,0.0,48.988895854562685,11.42406429160576,0.34617672660270754,0.7665904620031471,1.407374382019043
2024-04-02,6804500,0.013422766491906657,57.81577886918925,12.327189262911855,0.652076573991746,0.7633690710531621,1.4262652397155762
2024-04-03,10935900,-0.019867389701764715,44.87422254671058,11.982803229469752,0.494379102672933,1.0185798183527772,1.397929072380066
2024-04-04,9091400,0.0,44.87422254671058,11.67285579937186,0.41110192387761835,1.0185798183527772,1.397929072380066
2024-04-05,6318900,0.020270103752306978,56.80973296965463,10.771749875580753,0.6124009885769045,1.1834937804111438,1.4262652397155762
2024-04-08,5350800,-0.00662240751296761,52.59236449558197,10.510407359481928,0.6305605204170627,1.2001537752431348,1.4168199300765991
2024-04-09,10084600,0.0,52.592364495581954,12.018028923702312,0.5528482356645457,1.1723368445507223,1.4168199300765991
2024-04-12,10652700,-0.006666724441860117,48.17683296946324,13.374875594739546,0.24828767989721795,1.199847324679365,1.407374382019043
2024-04-15,9678300,-0.006711298542628419,44.066167781024475,13.279208016428072,0.20391750476278714,1.1289416473549692,1.397929072380066
2024-04-16,17582900,0.006756644400345513,48.90977750716294,13.621062988968717,0.15736494992743083,1.1376009703060128,1.407374382019043
2024-04-17,6603700,0.006711467949278349,53.39416670297614,12.467639757617814,0.1786837130669604,1.1568544458442294,1.4168199300765991
2024-04-18,11553200,-0.006666724441860117,48.64954314973382,11.850185507441832,0.3756950192797454,1.084076648496203,1.407374382019043
2024-04-19,12757400,-0.020134234441185006,37.5324755018834,12.740107020952191,0.4120131175320941,1.089181210105243,1.3790379762649536
2024-04-22,7671300,0.020547951718368873,50.18156006746973,14.166642580793061,0.3333381393571531,1.291581681592774,1.407374382019043
2024-04-23,13552400,0.006711467949278349,53.657141797707034,13.555052107454761,0.36411134491806885,1.1242007672666923,1.4168199300765991
2024-04-24,6506700,0.013333280606457887,59.87740053124004,12.931366220488567,0.25963487304415717,1.1812344629835234,1.4357107877731323
2024-04-25,7291600,0.0,59.87740053124004,13.048797839100562,0.3432927939293325,1.1812344629835234,1.4357107877731323
2024-04-26,5794200,0.013157760356836468,65.58085470443366,13.80081609594048,0.7218611899542939,1.197276430253259,1.454601526260376
2024-04-29,12359000,0.019480609948367755,72.17353574693104,16.468344680859303,0.8786318945840901,1.23801285564659,1.4829380512237549
2024-04-30,10381900,-0.0063694825618383355,67.39260667357186,18.86912132448926,0.858546975991722,1.297152064266963,1.4734925031661987
2024-05-02,28364500,0.064102563065352,81.21712559864262,23.76621842056461,0.9474209246204681,2.288183113592781,1.5679471492767334
2024-05-03,19116300,0.012048375057230665,82.83441117791345,28.173605807032423,0.9599696218144667,2.2080689139244636,1.5868383646011353
2024-05-06,25216800,0.011904639381460802,84.33323477949052,32.79976382625436,0.9628062291455156,1.8957025018026736,1.605729103088379
2024-05-07,45019000,0.041176460107297475,88.30457891424787,37.581593950477256,0.9762826944369603,2.061796999224257,1.6718473434448242
2024-05-08,15593600,0.005649767064314526,88.75696087104315,41.88524179311924,0.9702533315624862,2.0682641470694167,1.6812928915023804
2024-05-09,11711900,0.00561795561975309,89.22024795507922,45.758522620451764,0.9570094963097802,2.0994754542954097,1.690738320350647
2024-05-10,17477200,0.005586500007297435,89.69218606665581,49.33217605143228,0.9422716109945142,2.057175771205456,1.700183629989624
2024-05-13,15428700,-0.01666660356268268,78.26984831835374,51.6796494089662,0.8919207704552631,2.3220085219492184,1.6718473434448242
2024-05-14,21792900,0.0,78.26984831835374,53.79237543074673,0.8305242355893478,2.3547646639405397,1.6718473434448242
2024-05-15,16375300,0.011299462824696738,80.33142609145439,55.69382994409659,0.8215092579734756,2.2635959562241794,1.690738320350647
2024-05-16,21252000,0.01117314102907141,82.20702622132382,57.85267267432412,0.7876454640763035,1.4285441067871276,1.7096291780471802
2024-05-17,18598800,0.027624342908008748,85.93319512413689,60.40398457506179,0.7621041187200103,1.5480677703356585,1.7568565607070925
2024-05-20,8363500,-0.01612896987639978,75.405706939197,62.700166024595,0.6881253402311751,1.7563345289581902,1.7285202741622925
2024-05-21,9019400,0.0,75.40570693919702,63.80912982918228,0.6933398028823854,1.3045094467190905,1.7285202741622925
2024-05-23,14606200,0.010928918786149877,77.65839894314428,64.80719725331085,0.7412481594978279,1.3250754049331417,1.7474111318588257
2024-05-24,8531400,-0.02162167398547732,64.52478448539013,62.88882653701878,0.7197489891409956,1.5480509425829947,1.7096291780471802
2024-05-27,7899800,0.011049820836990243,67.57163481687628,61.470212888834894,0.8131742567090389,1.5745881828159805,1.7285202741622925
2024-05-28,8185600,-0.010929056718335328,61.685048955843556,58.53136801912045,0.644737134627178,1.509049954562507,1.7096291780471802
2024-05-29,6278800,0.011049820836990243,65.06646836002461,56.636715999441,0.36688122325196787,1.530320585518628,1.7285202741622925
2024-05-30,8514900,0.0,65.0664683600246,54.93560101990727,-0.05526472583714227,1.5074228048042053,1.7285202741622925
2024-05-31,20044200,-0.0054945975756073295,61.68741146912089,51.72175614400785,-0.5823225688575536,1.4906451898875908,1.7190227508544922
2024-06-04,11878400,0.0,61.6874114691209,47.379049871005165,-0.2673085111176664,1.152870554120586,1.7190227508544922
2024-06-05,7276700,-0.005524816285590317,57.970763982772255,43.470614225302754,-0.29488735937667443,1.054188003232637,1.709525465965271
2024-06-06,12352400,0.05000000348661926,73.77273959334659,43.051610302603834,0.262086511569215,1.9309172471304048,1.795001745223999
2024-06-07,17480100,0.0,73.77273959334659,43.74703378460427,0.663094078503825,1.9178864099987152,1.795001745223999
2024-06-10,12455100,0.02116397829503125,78.25802803721072,44.37291182275794,0.8335360752002153,1.783780250005751,1.832991123199463
2024-06-11,14600300,-0.005181304354951677,74.7090334239026,45.42772473450493,0.8749203821462882,1.817688473783183,1.8234938383102417
2024-06-12,17539500,0.015625001021470464,78.0301618966471,47.01171651703263,0.878386345092781,1.7433161046127816,1.8519859313964844
2024-06-13,14712700,0.0,78.0301618966471,48.437309121307564,0.8638985059025355,1.7579485472945287,1.8519859313964844
2024-06-14,10035400,0.0,78.0301618966471,49.72034246515501,0.8417125195266554,1.7579485472945287,1.8519859313964844
2024-06-18,13863300,0.0,78.0301618966471,51.31687249628055,0.8155667684580192,1.7225834284516481,1.8519859313964844
2024-06-19,7185700,-0.005128162546061965,73.14994287869283,50.89006734155012,0.7459773041460546,1.7550769543101166,1.8424886465072632
2024-06-20,3114000,0.0,73.14994287869283,49.64107437026515,0.7409816153736346,1.7192657714239046,1.8424886465072632
2024-06-21,14023700,-0.015463982559427936,59.39218157979085,48.894841489809686,0.3525855456967746,1.0393369504471468,1.813996434211731
2024-06-24,5161600,-0.005235493025684157,55.52455781011633,45.809615291368566,-0.2963125660345609,1.0585119856326666,1.8044992685317995
2024-06-25,9991400,0.010526227474670469,61.1470841386926,43.032911712771565,-0.44896020690652194,0.8642732933166478,1.8234938383102417
2024-06-26,10149400,0.0,61.147084138692584,39.76307827079222,-0.7820394116004189,0.8483807096241522,1.8234938383102417
2024-06-27,4794800,-0.010416580182164847,52.89208731610465,36.820237864728725,-0.7662720785356821,0.7039636174163368,1.8044992685317995
2024-06-28,7436400,0.021052587073849605,63.76333886398646,35.41663414695336,-0.7101037259433836,1.0291229414367198,1.8424886465072632
2024-07-01,9813000,-0.025773239565564432,48.286546185853716,32.512342289223355,-0.4677860786278323,1.3025487842796928,1.795001745223999
2024-07-02,8652900,0.026455072486482933,59.270854293611244,29.898480666687767,-0.2734139115492041,1.6048208897164653,1.8424886465072632
2024-07-03,7684700,-0.02061851401227288,49.857479989394534,27.546005206405738,0.1303950913228056,1.7257506150759716,1.8044992685317995
2024-07-04,10667900,0.021052587073849605,57.37870045268792,26.214964721092564,-0.17376811725576838,1.8741751477988042,1.8424886465072632
2024-07-05,9182300,0.0,57.37870045268792,25.748933800827928,-0.23254319636028797,1.7929951710386594,1.8424886465072632
2024-07-09,11285500,0.0,57.37870045268792,24.276735109802402,-0.10288257614092808,1.7780612902968982,1.8424886465072632
2024-07-10,7459200,-0.005154725553291439,54.57152898158532,23.73279652152853,-0.07895798454815343,1.7658491042913511,1.832991123199463
2024-07-11,12632100,0.0,54.57152898158532,23.24325179208205,-0.019573179841361827,1.7658491042913511,1.832991123199463
2024-07-12,9344800,0.005181434425728382,57.15909731677515,21.152150593509486,0.3273077532808385,1.7255699420511323,1.8424886465072632
2024-07-15,7448500,0.010309257006136496,61.97238781482846,19.270159514794177,0.48377252108349317,1.6258501987471645,1.8614833354949951
2024-07-16,21881300,0.05612243002899597,77.4531060477633,23.131102915129663,0.908017120980687,2.1098329169961256,1.965954303741455
2024-07-17,11306400,0.033816326109866734,82.49249627970777,27.814371301647736,0.9696839826290049,2.1876112553636897,2.032435655593872
2024-07-18,8294300,0.0,82.49249627970777,31.378013911158625,0.9508586952221252,1.950541272898838,2.032435655593872
2024-07-19,2654800,0.0,82.49249627970778,34.58529225971843,0.9285602603744495,1.9571715176690418,2.032435655593872
2024-07-22,12532200,-0.028037270256044522,65.32534786881304,34.34515806853764,0.8384260980694616,2.28940406653915,1.9754517078399656
2024-07-23,6532300,-0.033653807277526204,51.446708567829944,31.811975177410222,0.652425441184804,2.6294840659343715,1.9089702367782595
2024-07-24,4122300,0.009950290387491068,54.51452701950531,29.532110575395542,0.49455860232086357,2.6153027076366717,1.9279650449752808
2024-07-25,10500100,-0.004926252445210499,52.66577831388199,26.611742911670696,0.2542872793992561,2.6311310143258173,1.918467402458191
2024-07-26,9174500,0.014851548824350358,57.473040521743435,26.340988057904468,-0.045529851159648346,2.6500792208107233,1.9469596147537231
2024-07-29,7600000,0.019512155099462136,63.03476581296019,26.097308689514865,-0.49153222442759165,2.683085343081837,1.984948992729187
2024-07-30,5592300,-0.004784649340617619,60.82511861004297,25.877999610457305,-0.5992174589450142,2.0561954976832473,1.9754517078399656
2024-07-31,11240400,0.009615123505774426,63.65620050418615,26.60958330093261,-0.35914277538869,1.7410244714523249,1.99444591999054
2024-08-01,4447600,-0.004761687026037853,61.199175201232805,27.268008622360384,-0.011552093334326647,1.7422258517298221,1.984948992729187
2024-08-02,6439200,-0.019138717475672085,52.237523567746834,24.77561246508629,0.5824765498143251,1.818536998691132,1.9469596147537231
2024-08-05,14606800,-0.04390244081644201,38.23881833418689,25.3444381481482,0.8258783868532587,2.0979502621549524,1.8614833354949951
2024-08-06,6810800,0.015306123102448277,43.815291965557186,25.856381262903916,0.8756576852450623,1.9389931315998519,1.8899754285812376
2024-08-07,3643300,0.03517583882644071,54.472662506781965,24.328032445261385,0.8358168163471265,2.2361150409303967,1.9564568996429443
2024-08-08,7866900,0.0,54.47266250678198,22.250808244039,0.7858149404774507,2.225308365026004,1.9564568996429443
2024-08-09,6806800,0.014563107979246759,58.625139152622275,20.381305354542526,0.7304363221010677,2.2235024197453144,1.984948992729187
2024-08-12,10900400,0.028708196326710178,65.59794705004299,19.958381092146404,0.6471498347782095,2.320164575256552,2.041933298110962
2024-08-13,9464300,-0.02325608684884739,56.74338972307116,20.12983030398887,0.7331277032536412,2.4590861158127306,1.99444591999054
2024-08-14,15853900,0.0,56.74338972307115,19.080927699346088,0.7740708406577043,2.4413952757985005,1.99444591999054
2024-08-15,9809700,-0.004761687026037853,54.913293197605704,18.13691535516758,0.8036300192457555,2.4413952757985005,1.984948992729187
2024-08-16,11669700,0.009569358737836042,57.92873439001755,16.894026524670842,0.8127485773514448,2.3550812040543265,2.003943681716919
2024-08-19,18680800,-0.004739535253925675,55.85335183096597,15.379757624682702,0.6470242476375218,1.7280272541048765,1.99444591999054
2024-08-20,15739200,0.023809809854682396,63.1813646808905,15.117961204048987,0.6884165545850764,1.792842459332041,2.041933298110962
2024-08-21,6854700,-0.04186052431149134,47.43411257510448,13.684442271836664,0.1691093913460047,2.1167577641583537,1.9564568996429443
2024-08-22,5475800,0.009708779273639001,50.481511739268356,13.301731788155578,-0.1599530481246903,2.1378817540395145,1.9754517078399656
2024-08-23,3273500,0.0,50.48151173926835,12.9572923528426,-0.32388372332695736,2.0855029606993103,1.9754517078399656
2024-08-26,7792300,0.004807652270885532,52.19232459416694,12.302338920919059,-0.1573417106192746,1.8386987370152632,1.984948992729187
2024-08-27,8707500,0.0,52.19232459416695,11.292548308478683,-0.15507523936693526,1.6905267172548712,1.984948992729187
2024-08-28,6369400,-0.004784649340617619,50.05723093921708,11.132026114335542,-0.14311894216190305,1.696198116995498,1.9754517078399656
2024-08-29,7059600,-0.018375274344966552,42.6480857339824,10.030391686841394,-0.08770043858345622,1.7836786983453132,1.9391522407531736
2024-08-30,10805500,0.014778393866078599,49.23876059076686,9.846079445635363,0.25659389374440283,1.8288588095944678,1.967809796333313
2024-09-02,5600400,0.009708741981143465,53.22074617661004,9.326894655017604,0.28782225803116124,1.8587037038526697,1.9869147539138796
2024-09-03,4053800,-0.004807754324012259,50.99817824776915,8.859628343461619,-0.02057669970019757,1.656965188880334,1.9773621559143064
2024-09-04,5066400,-0.009661780121630326,46.667389967452664,8.439643936359897,0.27127635589741755,1.0038004267989737,1.9582573175430296
2024-09-05,8130000,-0.004878172609536047,44.56484295711759,8.919619807325091,0.43191802239527705,0.9540095718077269,1.9487046003341677
2024-09-06,6986600,0.004902085830363223,47.20762237093852,9.764682511443871,0.4818984835174722,0.9739395004310968,1.9582573175430296
2024-09-09,15957800,-0.029268305154917296,35.82266465183124,11.968410152453886,0.6734294919815766,1.2972046935875459,1.9009424448013303
2024-09-10,3736100,0.0050250651234167165,38.566302406643786,13.9517650293629,0.7385552105057189,1.324886312425351,1.910494804382324
2024-09-11,4890200,-0.009999942594689837,35.22028531344106,16.08560462520476,0.8174255836515407,1.3396546112428318,1.8913899660110476
2024-09-12,5845700,0.0,35.22028531344105,17.278528855692898,0.93316423313588,1.2473366519594737,1.8913899660110476
2024-09-13,4513100,-0.01010101455748924,31.812759275293256,19.120568617297643,0.9439072139450079,1.1063304147339061,1.872285008430481
2024-09-17,5442200,0.0,31.812759275293256,21.460188653369805,0.9206629826712007,1.0014331666437521,1.872285008430481
2024-09-18,4314100,0.005102106760754621,35.655558998514486,23.565846685834753,0.8783304371184741,1.0605018687920214,1.8818376064300537
2024-09-19,12709200,0.020304512898075888,48.54378584788764,21.94698940742811,0.6268958353970691,1.305660069043861,1.920047402381897
2024-09-20,28841000,0.0,48.54378584788764,20.49001785686213,0.33583581455319017,1.3023696323443812,1.920047402381897
2024-09-23,6349500,-0.009950253080661553,43.20215478971673,20.18410719353293,-0.13479445522390957,1.3071495328937237,1.9009424448013303
2024-09-24,13971000,0.045226150506379126,63.36064701073898,20.244115922682965,-0.33883484837316813,1.7003271466284613,1.9869147539138796
2024-09-25,26955000,0.043269068949903566,73.72298748024508,22.401784872925464,-0.16601166075881085,2.095992430490225,2.07288670539856
2024-09-26,16636700,-0.00921659516210438,68.91078345016808,24.743373619701792,0.20285407108401274,2.088490794276253,2.053781747817993
2024-09-27,10358100,-0.023255711364453147,58.33390552475349,25.816696089028703,0.45393775210188275,2.310845055366333,2.006019592285156
2024-09-30,17167900,0.009523695199918247,60.99468180067805,26.782674689708347,0.6219646054016715,2.2398550567617406,2.025124311447144
2024-10-01,18419000,-0.01886775903942406,53.41459243906384,26.56140506274776,0.5699887755990096,2.3900993999498406,1.9869147539138796
2024-10-02,18455700,-0.014423082980485114,48.40193633733442,24.47187029392537,0.37656710070355154,2.4783122681025485,1.9582573175430296
2024-10-03,8851000,0.004878050859153049,50.13509847508729,22.972857361136207,0.19904326662349583,2.414543315675495,1.967809796333313
2024-10-04,6761500,-0.00970886314050512,46.65272227808198,21.623732179056436,-0.09144433732390982,2.4460029986288605,1.9487046003341677
2024-10-07,16373500,0.01960797627981159,53.78604292605655,21.916572463596932,-0.6372702712344549,2.467438992819544,1.9869147539138796
2024-10-08,14935400,0.024038411636957635,61.02434376985412,23.35794597594222,-0.6835298732646983,2.1515582130682276,2.034677028656006
2024-10-09,26866200,0.018779234347474416,65.78749334351954,26.137809318350673,-0.1615871876999856,1.7363254548169522,2.07288670539856
2024-10-10,10983000,0.0,65.78749334351954,28.639686326518284,0.31337074864199876,1.7053526623992337,2.07288670539856
2024-10-11,12150900,0.004608412598712253,67.0310744528041,29.74405110263482,0.5629542886195548,1.4762029794704832,2.082439422607422
2024-10-14,15343100,-0.009174316128074955,62.02142210648868,30.73797772567272,0.8245351436393462,1.5141917874751099,2.0633344650268555
2024-10-15,21256900,-0.004629747319583433,59.548881950756495,30.435681350341515,0.8337876375645495,1.3550166317490069,2.053781747817993
2024-10-16,16931700,0.013953612558820216,64.2936849464308,31.06686444057103,0.7724625449238153,1.2318872635856313,2.082439422607422
2024-10-17,15521100,0.009174201638031843,67.1480287845981,31.91470640739009,0.7338189436095004,1.2341173768193456,2.101544141769409
2024-10-18,11223300,0.004545457123846353,68.54498891749958,32.677764635863504,0.7316349018158766,1.0988957613681323,2.1110966205596924
2024-10-21,8871800,-0.013574555362924623,60.035459402578454,34.21550909958952,0.6747193106758237,1.208036683688927,2.082439422607422
2024-10-22,12304400,0.0,60.03545940257844,33.59701982744108,0.5605075601234758,1.0039995729123403,2.082439422607422
2024-10-23,22077000,0.013761359702069376,65.34663046411482,33.98062129138022,0.6508122435295279,0.922061736750465,2.1110966205596924
2024-10-24,10697800,0.009049778865877434,68.45228547781778,34.32586354289322,0.7205789899718289,0.9458123645669931,2.130201578140259
2024-10-25,15522900,0.0,68.45228547781778,33.9353904649911,0.8082018574935771,0.9470934541477264,2.130201578140259
2024-10-28,3262600,0.004484419365233139,70.10609762726254,33.95725229458632,0.8100201095721364,0.8572916443716821,2.139754295349121
2024-10-29,14472400,-0.017857262239297178,56.85884887816641,33.976903492381346,0.5698358907590968,1.0742776752833967,2.101544141769409
2024-10-30,7626700,-0.0045454571238462416,54.023246283973116,31.770849781117438,0.2612823408385678,1.0096666964316376,2.091991662979126
2024-11-01,6047000,0.01826485059061822,62.364989634601756,31.15539104618249,0.3516938474567413,1.1301422345501302,2.130201578140259
2024-11-04,8299700,0.008968614884440118,65.81111413452282,31.006625813318777,0.5647220199200244,1.1522052122341195,2.149306535720825
2024-11-05,5816100,-0.008888893819028465,59.73373811902699,29.47271891613942,0.44341276989456885,1.090352675121206,2.130201578140259
2024-11-06,5621300,0.004484419365233139,61.6987627647545,28.56944095437344,0.28438342491472884,1.088954553375441,2.139754295349121
2024-11-07,13750000,-0.0446428770398829,40.00653105474876,27.349393601161523,-0.1640070331978772,1.7806241850875475,2.044229507446289
2024-11-08,6008300,0.009345798752524948,44.354118187573874,26.2513509832708,-0.10698073646218666,1.7828857551198254,2.0633344650268555
2024-11-11,8654600,-0.01851864262792413,38.20204945548658,26.427226990530833,0.3054213650771737,1.8429796638510871,2.025124311447144
2024-11-12,4850600,0.009434085547811444,42.623374427586185,26.938453333379062,0.6011002527365387,1.8772827246087074,2.044229507446289
2024-11-13,6368500,0.0,42.623374427586185,27.398557041942468,0.650739318483209,1.81903084100293,2.044229507446289
2024-11-14,5348100,-0.01869159750505034,36.224290455186555,28.551888439248096,0.7428071081296747,1.8894007595325013,2.006019592285156
2024-11-15,73085400,-0.13333327786926685,16.711061070007087,33.36560525421574,0.9174195998655256,4.363818450614832,1.7385504245758057
2024-11-18,20137100,0.005494439186786382,18.4541736100062,37.91328138549128,0.9382161920686343,4.3402339059016946,1.748102784156799
2024-11-19,17703700,0.010928966965624731,22.078189064365507,41.55877382483028,0.9114498759918168,4.438364772788248,1.7672077417373655
2024-11-20,11808600,0.005405475414102634,23.95572281894142,44.839710237954534,0.870014725504873,4.443537980883457,1.7767603397369385
2024-11-21,12313100,0.026881664158036056,32.93325437939215,45.46003620986995,0.8012428179216409,4.532096053334469,1.824522614479065
2024-11-22,12539400,-0.03141362693279848,28.454286704854038,46.018329584593815,0.7688730663624831,4.51899290173083,1.7672077417373655
2024-11-25,15500100,0.005405475414102634,30.211951260355452,46.5207936218453,0.7149256013566737,4.557817139465435,1.7767603397369385
2024-11-26,6121400,-0.005376413343955666,29.40917825997036,47.14632321710893,0.6307769024193634,4.504217127883681,1.7672077417373655
2024-11-27,5542000,0.005405475414102634,31.433517724108818,47.7092998528462,0.43866228639458404,4.525372213314442,1.7767603397369385
2024-11-28,9892900,-0.016216193368117304,28.67745286644961,49.06811201004493,-0.2235755079703813,4.5225461538747656,1.7479480504989624
2024-11-29,12316500,-0.005494634024447276,27.775456736985323,50.291042951523785,0.2340471857427935,1.5876908745361993,1.7383437156677246
2024-12-02,6430100,0.005524991832555282,30.214322456095573,51.39168079885475,0.584344805426359,1.587806461974966,1.7479480504989624
2024-12-03,6806100,0.02747248812662706,41.23778341924708,49.72096817920436,0.5619295256522858,1.78682364097036,1.795968532562256
2024-12-04,10385700,-0.02673793064446639,35.08067138429027,48.503560206732836,0.6761569209701331,1.9913572985777444,1.7479480504989624
2024-12-05,11486700,0.010988927051089892,39.12054069463985,47.69787378533992,0.334715853444769,1.7936878517353225,1.7671561241149902
2024-12-06,13949000,0.027173876381376694,48.09313955894224,44.57026880355308,0.14466086860972463,1.7193784870386257,1.815176606178284
2024-12-09,4070600,-0.01587292935057627,43.7905058828072,41.75541672318859,0.03590967135515125,1.8128769271913818,1.7863644361495972
2024-12-10,7389800,-0.016129076387889296,39.83106182446468,40.02029212048498,0.14151895807290868,1.883353660330064,1.7575520277023315
2024-12-11,9323100,-0.010929014749974875,37.33078280902316,39.1839411970992,0.26171603786726777,1.8982944496627352,1.7383437156677246
2024-12-12,3753700,0.005524991832555282,39.44266142488505,38.43121653023103,0.3590020058168336,1.8413103690146124,1.7479480504989624
2024-12-13,5624300,-0.005494634024447276,38.01910696966894,37.75376934282472,0.5234161528313059,1.8413103690146124,1.7383437156677246
2024-12-16,8781300,0.005524991832555282,40.40882845075631,36.33122164334487,0.6274881433398104,1.8413103690146124,1.7479480504989624
2024-12-17,12033100,-0.010989131649772665,37.21988660454406,36.35609617654405,0.6028645385500582,1.5920568846119703,1.728739619255066
2024-12-18,10731400,0.0055555482767248865,39.85670175551024,36.378483407422266,0.6904037183904966,1.387013050953917,1.7383437156677246
2024-12-19,8794200,0.0,39.85670175551024,36.39863191521266,0.6682754402195628,1.3284830998403578,1.7383437156677246
2024-12-20,7421300,0.005524991832555282,42.82163607000617,35.4280370589116,0.49131400778963236,0.9225095427987356,1.7479480504989624
2024-12-23,8661900,-0.010989131649772665,38.593718110108874,34.5545086877773,0.5190969590597428,0.8620165054711791,1.728739619255066
2024-12-24,4640400,0.0,38.593718110108874,32.728963143816905,0.5269061364420156,0.7356941608551402,1.728739619255066
2024-12-26,6854800,0.027777879298309438,52.935636335809356,30.323564116160775,-0.03361168494224183,1.1132680316629977,1.7767603397369385
2024-12-27,6741600,-0.005405464882996092,50.3237277973152,28.15870499127026,-0.20490142601898795,1.1309883738652482,1.7671561241149902
2024-12-30,3611700,-0.005434775276275339,47.70822501721138,26.210332086733786,-0.19169912387917085,1.1305991120758314,1.7575520277023315
2024-12-31,6317800,0.010929014749974764,53.12246307766198,25.95584480079117,-0.2050527681711609,1.1661555994675308,1.7767603397369385
2025-01-02,2425600,0.010810795578745092,57.95897292642083,26.36473307548108,0.2754958111389988,1.1048033042579464,1.795968532562256
2025-01-03,3629700,0.010695105881740608,62.28273939943592,27.828395022414355,0.7210766259792829,1.1252456616712008,1.815176606178284
2025-01-06,6353700,-0.026454991707058784,48.44319271622668,27.05561732068167,0.6851935296496033,1.491367493481769,1.7671561241149902
2025-01-07,15509700,0.0,48.44319271622668,25.44633350516614,0.5756051165523247,1.486033952485159,1.7671561241149902
2025-01-08,8564800,-0.01630439328709299,41.59652517451073,23.410225758504765,0.21575765319865142,1.5428670245698246,1.7383437156677246
2025-01-09,4726300,-0.005524854679829327,39.52743438600313,22.89178960545844,-0.26561877452859123,1.555339822926027,1.728739619255066
2025-01-10,2168400,0.0,39.52743438600314,22.42519706771675,-0.29228057486122194,1.217670066814128,1.728739619255066
2025-01-13,6314000,-0.02222219310689999,31.732654292719285,23.673978407391104,-0.13587288992483632,1.3666702056641897,1.6903232336044312
2025-01-14,4618400,0.0,31.732654292719285,24.797881613098028,0.13095112269023798,1.3726728303525904,1.6903232336044312
2025-01-15,8171100,-0.03409086341023304,23.2442362189828,28.218999403567768,0.6699577207347132,1.5610101015718576,1.632698655128479
2025-01-16,6496500,0.0058823447808271645,26.866999785880168,31.52551779348002,0.8131626436642762,1.5005460597561537,1.6423027515411377
2025-01-17,6971700,0.01169581771570627,33.809406604518486,33.5645424101235,0.8311320099173118,1.5152549656057221,1.6615108251571655
2025-01-20,9460200,-0.017340946319721495,29.19097131243274,35.69118739763657,0.8535630657280693,1.4210920555200668,1.632698655128479
2025-01-21,4627700,0.029411723904136267,43.4869554245701,36.62798163344238,0.7260094151122933,1.8422092743804015,1.6807191371917725
2025-01-22,5913900,-0.01142862695471003,39.90611440193537,36.5205283102001,0.6432214465553288,1.8147705505805227,1.6615108251571655
2025-01-23,11029900,-0.023121285675470338,33.733479143280135,37.877441164726264,0.6343955728296253,1.9101066051909026,1.6230945587158203
2025-01-24,5786900,0.0,33.733479143280135,39.39293398196943,0.5754128121927181,1.9101066051909026,1.6230945587158203
2025-01-27,3342600,-0.011834376457896867,30.793283678924045,41.045649674120114,0.5750095932811927,1.8397670345048498,1.6038862466812134
2025-01-28,4433100,-0.011976031881976268,28.074458678858527,43.2828312760895,0.5522898228155426,1.841983232138033,1.584678053855896
2025-01-31,4271400,0.01818171833615012,37.300886802915755,42.00727841366398,0.7119598208382331,1.701412722770667,1.6134902238845823
2025-02-03,3921800,-0.01785704654554343,32.647605681183975,41.55795512476224,0.8425520782555784,1.758549728568649,1.584678053855896
2025-02-04,7243700,0.01818171833615012,40.846877741699565,40.42590799691176,0.7827597237842281,1.830991415586956,1.6134902238845823
2025-02-05,7341600,-0.005952299593267263,39.08465352002845,38.68385128270362,0.8471737038261534,1.764561775877396,1.6038862466812134
2025-02-06,6340100,-0.005987941615711145,37.29680224238526,37.56344208546976,0.7669954950179168,1.3871356319028108,1.5942822694778442
2025-02-07,4983300,0.012048026108343324,43.0825324419095,36.555085673117524,0.4045663501690063,1.4660406208901355,1.6134902238845823
2025-02-10,9437800,0.0,43.08253244190949,35.64756490200051,0.06848347062022743,1.2811634663281783,1.6134902238845823
2025-02-12,7050700,-0.01785704654554343,36.79516209502766,36.230405523239554,-0.05269170771009909,1.392707462652964,1.584678053855896
2025-02-13,10077800,-0.042424260204977804,26.694894662848363,38.05623114676676,0.457846476041168,1.8770019024810785,1.5174492597579956
2025-02-14,9482100,-0.025316500444997447,22.732875703867926,40.77331817864563,0.765936631636947,1.9741103721194981,1.4790327548980713
2025-02-17,11060000,-0.03246749059766618,18.84768375594672,43.940970612634175,0.8875440197953197,1.9136631006447573,1.4310122728347778
2025-02-18,13352000,0.0067114004505588465,21.817009654145295,46.79185784999848,0.938046973515402,1.9831834640069224,1.4406163692474363
2025-02-19,21111600,-0.06666666115007924,15.510998529887999,50.4072478070014,0.9631838247126885,2.439122441974364,1.34457528591156
2025-02-20,26583800,0.03571432687759635,27.200962673291528,53.66109876830403,0.9217359197453555,2.9633809468083423,1.392595887184143
2025-02-21,16923100,0.020689626835129538,33.348881261551234,55.89955608394539,0.8478572489603811,3.153735545782615,1.4214081764221191
2025-02-24,6218400,0.03378373845025129,42.36276316794901,54.86440328843948,0.6931474643145078,3.3955355094708657,1.4694286584854126
2025-02-25,7224600,-0.019607817685871276,38.859221720182404,53.93276514187785,0.5553623305138158,3.3957936322370914,1.4406163692474363
2025-02-26,10410200,0.026666631360508175,45.532738372083635,52.497253749488415,0.18626954475713844,3.579106524547156,1.4790327548980713
2025-02-27,5754400,0.025974073077625448,51.423952381632695,49.52636165504275,-0.30591675427558046,3.4635704525779074,1.5174492597579956
2025-02-28,81371800,-0.12658226654800053,32.122075447395886,50.0658231782006,-0.14783111920763967,5.298256724020593,1.325367093086243
2025-03-03,20138700,0.021739101105101133,36.11837691020062,50.551338549042676,-0.018237892970216406,5.315325493275978,1.3541793823242188
2025-03-04,16368300,-0.0212765676497928,33.90071165209459,51.26034073600092,0.0908661096213371,5.325410521083198,1.325367093086243
2025-03-05,13304800,0.021739101105101133,38.122150200832706,51.89844270426333,0.4533807856793889,4.94419841951828,1.3541793823242188
2025-03-06,12711500,-0.0070921892165976,37.24125502423104,52.4727342431335,0.678146893387829,4.802016813594142,1.34457528591156
2025-03-07,17335600,-0.021428454271456565,34.577937895491694,53.313434196548144,0.8245317160156466,4.7615670235418435,1.3157631158828735
2025-03-10,20758700,-0.014598609584612232,32.838333840503246,54.638174021701936,0.8317477419693455,4.5464877305759535,1.2965548038482666
2025-03-11,15915600,-0.03703716984376104,28.811903149197544,56.191428929546966,0.8578463642999209,4.614155236880125,1.248534083366394
2025-03-12,24208200,0.02307698991250562,34.19126820245603,57.704038517206996,0.779518930953146,4.5809803968222855,1.2773464918136597
2025-03-13,17194800,0.028963452618855134,40.59567192241607,57.80071065754686,0.655876939847338,4.610517269520472,1.3143428564071655
2025-03-14,10100100,-0.007407459811145212,39.472449737327466,58.06403672055179,0.6221151591583959,2.3335168923512466,1.3046069145202637
2025-03-17,8259500,0.0,39.47244973732747,56.91176274500771,0.5045498797779745,2.1916515319457974,1.3046069145202637
2025-03-19,17883800,0.0,39.47244973732747,56.911278817679396,0.44678924288336175,2.1013848292409665,1.3046069145202637
2025-03-20,8764800,0.0074627397559685615,41.685714497325876,55.114738407698425,0.16660388056542888,1.9713505967605465,1.3143428564071655
2025-03-21,14179600,0.014814919622290423,46.06812707094211,52.932727274149805,-0.3585963660480025,2.0389913561214876,1.3338147401809692
2025-03-24,6297800,0.0072991422084613955,48.229537327487286,49.864050174106076,-0.6912530979782017,1.9115625078144425,1.343550443649292
2025-03-25,18357700,0.04347830330424918,59.145227878028415,45.29949146009362,-0.6197502169647789,2.2026269849933904,1.4019657373428345
2025-03-26,16927900,0.0,59.14522787802843,41.5605737965535,0.08577241936453815,1.5846715673035798,1.4019657373428345
2025-03-27,9605100,0.027777803759197806,65.1866443807585,38.573748127800556,0.798057804899002,1.6283150027668891,1.4409092664718628
2025-03-28,22143100,-0.04729738170628606,50.628996157215575,35.39817459195156,0.7163004935729325,2.373360010230221,1.3727580308914185
2025-04-02,14768400,0.028368822656779313,56.760071146978106,32.91179798426384,0.7570621870511681,2.4407242121531505,1.4117015600204468
2025-04-03,9885700,0.013793201286482759,59.55072256634043,29.88511443128852,0.7917109940675985,2.428237526664595,1.4311734437942505
2025-04-04,8047300,0.0,59.55072256634043,27.16109923361073,0.7983706538636886,2.428237526664595,1.4311734437942505
2025-04-07,13255900,-0.047619130913836294,46.565120291554265,26.515077516356666,0.5068278251807367,3.0312138489507547,1.3630222082138062
2025-04-08,15767400,-0.014285728029355571,43.5503399320368,25.9336592391563,0.06471529656058297,3.0560932923933333,1.343550443649292
2025-04-09,11591700,-0.014492679041016587,40.62772069870867,27.14888207320389,-0.42195358135964467,3.0849444832697333,1.3240787982940674
2025-04-10,21333700,0.044117596746896526,51.48124646768786,24.85721631721792,-0.4717634449776131,3.0952412955641435,1.3824939727783203
2025-04-11,9576100,0.02112673748835925,55.95443123442428,23.110076629645654,-0.465027337133346,3.1736578457325595,1.4117015600204468
2025-04-14,13620100,0.06896549977027089,67.16602311904288,22.93704683213435,0.06335556932197586,3.7690614470972448,1.509060263633728
2025-04-15,10438400,-0.012903238547695262,63.57013469458622,22.78132001437418,0.2022516984638978,3.3721146813996796,1.489588499069214
2025-04-16,7614900,0.006535914236512674,64.62236358885848,22.64116587839003,0.5041664791655963,3.300590041248904,1.4993243217468262
2025-04-17,17449300,0.05844165860183703,72.55076821971988,24.301115488976325,0.8180248927084655,3.6889888687248398,1.586947321891785
2025-04-18,13576200,0.018404887698041605,74.65451136916458,26.320471009199302,0.8895191960992239,3.6739549791889203,1.6161549091339111
2025-04-21,4512800,0.0,74.6545113691646,28.624442808621005,0.8689203972261464,3.0608613094388315,1.6161549091339111
2025-04-22,7436600,-0.01204820432402054,70.22477879297679,29.787323032812616,0.8223456832054613,3.035684155275468,1.596683144569397
2025-04-23,7067900,0.03658540136295896,75.14149558155994,31.54685776778367,0.861849190248555,2.856085888411288,1.6550984382629397
2025-04-24,10036700,-0.017647111359775258,68.82741611819092,32.214141788425124,0.8338244448131926,3.010480349905798,1.6258907318115234
2025-04-25,4752800,-0.011976059758222024,64.79437317365336,32.81469559807134,0.7722648041975407,3.1363264620656377,1.6064189672470093
2025-04-28,7453700,-0.006060575028130399,62.75159601650743,33.35519503621977,0.6565298078098202,2.4914454574673313,1.596683144569397
2025-04-29,8220000,-0.006097529563536375,60.62779906468395,33.27636211207067,0.4353772997097029,2.4431002103625397,1.586947321891785
2025-04-30,9893400,0.03067476275099068,66.85912835907156,33.76720777631916,0.15737709439481412,2.558758030346963,1.6356265544891355
2025-05-02,11590000,0.0,66.85912835907156,35.174623197472776,0.045367908162955085,1.882887381246234,1.6356265544891355
2025-05-05,11455900,-0.0059523505844847335,64.34465299093318,36.441297076511034,0.08616294124678565,1.8206185772885983,1.6258907318115234
2025-05-06,32533000,0.04191624581346387,72.41393652338925,39.27804314147642,0.3268857740576544,2.2365073384234972,1.6940419673919678
2025-05-07,13782900,0.005747096509421734,73.37053388677592,41.83111459994526,0.3752979607963373,2.1556573901532436,1.70377779006958
2025-05-08,8508800,-0.02857142057512818,61.51891362366175,41.37285707716751,0.6843364771189323,2.137246944847676,1.6550984382629397
2025-05-09,2827300,0.0,61.51891362366177,40.96042530666754,0.8048637222775931,2.0443156797836664,1.6550984382629397
2025-05-13,10538600,-0.017647111359775258,54.94462303624478,39.07651052770792,0.688071878331376,2.0945441932047206,1.6258907318115234
2025-05-14,10866700,-0.011976059758222024,50.91425266630614,36.04860822541379,0.39391918143589816,2.1260746631445757,1.6064189672470093
2025-05-15,9403700,0.006060649236224291,52.83627322069913,33.32349615334907,-0.08135258607830663,2.116932484399642,1.6161549091339111
2025-05-16,9531900,-0.030120400168470285,43.39616071944816,30.40288331356735,-0.22690845008023197,2.0753038665272205,1.56747567653656
2025-05-19,9248900,-0.012422371112984831,40.20366914205638,28.89161586317029,-0.1013209079800054,2.0854928509070603,1.548003911972046
2025-05-20,16166500,-0.025157331991949805,34.554641963257794,28.502523258249205,0.3461689128477013,2.178554309425315,1.509060263633728
2025-05-21,21184000,0.012903317543407011,39.293482734931565,28.739332111070564,0.6617927338554072,1.5556567897776463,1.5285321474075315
2025-05-22,13569500,0.0,39.293482734931565,29.505531829606106,0.728311094356324,1.500158063309347,1.5285321474075315
2025-05-23,8800200,0.03184712332626005,50.382226328706366,28.136106313171275,0.5829367636061302,1.8709533274822228,1.5772114992141724
2025-05-26,11517800,-0.012345690209725091,46.5991666937634,26.903623348379927,0.5041147436012017,1.8775720654022137,1.5577397346496582
2025-05-27,9592400,-0.012500088006153987,43.01074901235749,26.16916953519232,0.4539479624617961,1.8485791004300731,1.5382678508758545
2025-05-28,12051800,0.006329236543978878,45.34881742080501,24.43188718343915,0.31252096807077695,1.8664534613587642,1.548003911972046
2025-05-29,7103000,0.006289275241694758,47.73142112366225,22.86833496218786,-0.1731739626249278,1.8677737443596656,1.5577397346496582
2025-05-30,18592800,-0.012500088006153987,43.51553050333343,20.790030616769933,-0.4019930092998713,1.6605396483217227,1.5382678508758545
2025-06-03,10695700,0.006329236543978878,46.15758814293137,19.523525701228607,-0.5673984157752545,1.6323389289246026,1.548003911972046
2025-06-04,20410800,-0.025157331991949805,38.21354798484982,19.696371256754603,0.00952633362023447,1.6323389289246026,1.509060263633728
