Date,volume,pct_change_1d,rsi,adx,corr,volatility
2023-02-02,8523200,-0.0263156174867227,25.717408586534557,20.038162881940952,0.6622469463020726,1.50328071429038
2023-02-03,9219400,0.0270268456178754,39.15828029695992,23.30345172714712,0.7017741550788285,1.8068561587548544
2023-02-07,11662300,-0.0368420006377563,30.557384285050208,27.484319850914705,0.8372571619256993,2.0946582962600635
2023-02-08,5665300,0.0109290304996725,35.08391883380516,31.247101162305533,0.8722491739345591,2.160629059321228
2023-02-09,6074700,0.0054053691235751,37.35255579615618,33.78733922630839,0.8378567470883173,2.1826991703945264
2023-02-10,4602400,-0.0215053023152826,32.330875494805724,36.51682169616565,0.8341848624682064,2.167438411867181
2023-02-13,4697600,-0.0274726262684771,27.243811537393427,39.83423562424518,0.8738167805876392,2.2451124446228423
2023-02-14,8820100,-0.0112995060421465,25.46315349267842,43.31793805609813,0.9076030165102053,2.0693670722554884
2023-02-15,12518500,0.0628572467583228,46.73736399954317,43.75656303533216,0.6571172375430658,3.1505288706564256
2023-02-16,10039000,-0.0268817495929694,40.84895469137293,42.98453424565103,0.5657514065677537,3.118592049490344
2023-02-17,5678900,0.0,40.84895469137293,42.28970833493801,0.5557778485457276,3.0227630280398
2023-02-20,7214500,-0.0055248966230248,39.61653813990831,41.96176749323377,0.3983667776606823,2.8483382427926283
2023-02-21,8405400,-0.0277778097156833,33.92957691826929,43.10977554848022,0.516306562214262,2.748541755318696
2023-02-22,22135300,-0.0342856365710105,28.478755116592048,44.97972269376744,0.5938203086700007,2.8435998484264555
2023-02-23,11225200,-0.0059172734374719,27.65596703610519,47.07129266122914,0.626173248257368,2.803684565173916
2023-02-24,12859600,-0.0119047609881765,25.987525551549428,49.316068579341184,0.7214883462778657,2.7753702028375016
2023-02-27,20182200,-0.0060240569557403,25.14478340144563,51.33636690564204,0.868094605363945,2.696980737024436
2023-02-28,11562900,0.0303032227223176,36.57207707859088,51.188833068784,0.914110416109494,2.92865707441333
2023-03-01,13272100,-0.0294119459728068,31.268322804455885,51.62834375652096,0.8983660721024765,1.9200052790984492
2023-03-02,6545200,0.003649588115113,32.57676896029316,52.023903375484224,0.8556043933137023,1.8951050740757305
2023-03-03,7129900,0.0060607106779624,34.872814636301875,51.67945153267965,0.7652731136968681,1.9352482662876629
2023-03-06,4265300,0.0060240444713486,37.24719558035976,49.430692591046366,0.6053948573802832,1.986006847041264
2023-03-07,5345300,0.0179642266635025,44.04701748064738,47.406799045515385,-0.0219449284394426,1.9792006554320865
2023-03-08,6899600,-0.0058823774681585,42.34749657779737,46.27199726702327,-0.3370940311810131,1.645758156451134
2023-03-09,3162200,-0.0177515537442456,37.52167789978258,45.25067690748946,-0.3993840367269554,1.7369425937275438
2023-03-10,4630600,0.0240964884351653,46.54609079115454,43.56298035113362,-0.4119932567205475,1.848358936251932
2023-03-13,5665100,-0.0235295098726342,40.10900907202713,42.04405345041336,-0.1779858048297777,2.0174579819653853
2023-03-14,6281300,0.0,40.109009072027135,42.23915637285023,-0.6483357475850117,1.739363026713011
2023-03-15,3429600,0.0180723663263739,46.9075375813158,40.85858386304108,-0.521861899797347,1.5410211011122688
2023-03-16,2888000,-0.0236688145849185,40.1546849310187,40.38330355095644,-0.3356749331688246,1.7532080453155587
2023-03-17,7030300,0.0,40.15468493101871,39.95555127008026,-0.3108015353817264,1.740893350114503
2023-03-20,4971600,-0.0303028504179831,32.8555348049336,40.90787588296773,0.1811136829844067,1.956096283611191
2023-03-21,6617500,0.0062499456295326,35.462496222733414,42.51527944676848,0.5881043256413054,1.840967589324613
2023-03-22,2926800,0.018633539378279,42.85791760386136,42.406134052985976,0.5509031693258979,1.9892004588762964
2023-03-23,3470300,0.0060974296824301,45.18430786153653,41.5698791706626,0.4637190749278512,1.932448167379342
2023-03-24,4797400,0.0060607106779624,47.55672260345139,40.81723562978833,0.2640319719272164,1.753975377535692
2023-03-27,4527200,-0.0060241997462342,45.37471091067059,39.32853408809127,0.1746949330164252,1.5983238230037378
2023-03-28,5341600,0.0,45.37471091067059,38.45545539033287,0.0934282427869779,1.5983238230037378
2023-03-29,4462000,0.0,45.374710910670586,38.12382081546703,-0.3137547264880244,1.4614521971597934
2023-03-30,20950500,-0.0727272002998721,25.85084827498913,40.55587135955203,0.3428863828459199,2.6215769310692445
2023-03-31,16846500,0.0130718673468064,31.32312640555592,42.74471726715215,0.5450435709167921,2.693088537928977
2023-04-03,15483000,0.0645160753889022,51.29319877328435,40.85320815307861,0.5565361113843469,3.3316981862822828
2023-04-04,16281900,-0.0060604763540194,49.68785550703855,39.150849950412415,0.6035519915919585,3.3434911072960296
2023-04-05,3933200,-0.0060975868509078,48.01799262025922,37.97391860557997,0.583854745293809,3.300912298460823
2023-04-06,5444800,-0.0061349164525615,46.28950992680234,37.27239521289922,0.5517244970775301,3.297990827781816
2023-04-07,5459100,-0.0185185170452886,41.33030431619184,37.61478854523044,0.5238932533729505,3.3281638656251324
2023-04-10,4638200,0.0251571766283125,49.36669596969022,37.92294254432854,0.3605589538450473,3.448863619875425
2023-04-11,11399900,0.0122698329051231,52.94730159279998,36.11374363592984,0.0897027659341556,3.473288447200157
2023-04-12,4927300,0.0,52.94730159279998,34.48546461837101,-0.2982155156998748,3.473288447200157
2023-04-13,2997700,-0.0121211089240008,48.69594079632342,33.4811319663189,0.0836647772306169,2.4224290553071453
2023-04-14,4672000,-0.0061349164525615,46.61647831993175,31.829690707154832,-0.0793462575288043,2.4415535977768665
2023-04-17,2606500,0.0061727859788212,49.03466965873229,30.34339779707425,-0.126681309586095,1.2681683382879003
2023-04-18,3080900,0.0,49.0346696587323,29.005734178001724,-0.176592419980046,1.2565046345361526
2023-04-19,8649800,-0.0061349164525615,46.437687270604286,26.14691274259302,-0.2186341633048776,1.2566886081091044
2023-04-20,5703800,-0.0061728655332337,43.856818280004816,23.573977499906697,-0.2581916845105124,1.2568767435435422
2023-04-25,3008400,-0.0124223329026721,39.035756814522166,23.32580593124083,-0.6063846127189944,1.1719462776061196
2023-04-26,2743700,-0.0251573387391907,31.37205214739079,24.58152724454875,-0.1066528909862577,1.0483534889277832
2023-04-27,1167100,0.0129034478899445,38.12123067309123,25.71167642652588,0.39334023840226,1.060057019982346
2023-04-28,3872900,0.0063693708062786,41.32680563647405,24.912682419770796,0.7069829704506035,1.1107386375319055
2023-05-02,4152100,0.0253163978755335,52.30759937070798,22.793846850222916,0.4509416194875815,1.4078781154744726
2023-05-03,5880200,-0.0185185170452886,45.25034766247391,21.37532272795962,0.4062591895019492,1.5132170177215405
2023-05-05,1866300,-0.012578507258717,41.13897550074842,20.09865101792266,0.4124500722105673,1.5200980168440352
2023-05-08,7570000,0.0127387416125575,46.53633208998059,19.187786576291764,0.2300923612643322,1.6049929501033389
2023-05-09,5668100,0.0,46.53633208998058,17.672685777104068,-0.0083986289508066,1.6007037922485663
2023-05-10,9596100,0.0,46.53633208998059,17.96685989497002,-0.3012261758947104,1.5936486340399303
2023-05-11,16561600,0.0,46.53633208998059,18.23161660104937,-0.4904294397802302,1.543514799043671
2023-05-12,30140800,0.0062893346847976,50.02839573633946,21.107723049398203,-0.1698551722315709,1.2672001743200942
2023-05-15,8838300,-0.0062500261783731,46.64330578549917,23.696218852912143,0.1702206045470408,1.2497422759387675
2023-05-16,9127700,-0.0062892536293586,43.38183530786342,24.48375907802764,0.3941614254066884,1.2571895359697547
2023-05-17,10820600,-0.0126584436430977,37.54735523703722,23.818954980311748,0.0501434052424011,0.944550946112256
2023-05-18,13392200,0.0192309360479259,48.98286058455032,23.22063932376603,-0.1284971895006273,1.0374699143618409
2023-05-19,7873100,0.0062893346847976,52.22295860761415,23.179590744899947,0.1928407008662374,0.9502192561751042
2023-05-22,13364000,-0.0062500261783731,48.7806698696352,25.0854199436655,0.1895218497759308,0.8986680452596016
2023-05-23,7642300,0.0062893346847976,52.27593963646473,26.800666222554497,0.2528461419138971,0.9201381667271664
2023-05-24,8822400,0.0,52.27593963646473,28.98294820283162,0.3509323973504412,0.9201381667271664
2023-05-25,13369700,0.0124999718079057,59.15769498114959,30.946999679424472,0.6180878172744291,0.992183477812238
2023-05-26,15501100,-0.0123456515120549,50.988300466577655,33.587704253543656,0.6202509498748019,1.072636775352812
2023-05-29,11967700,0.0062499456295326,54.48051310617723,35.96433837025092,0.6897985703598298,1.0638391236864015
2023-05-30,14303200,0.0124223329026722,60.70283436070172,38.103306399171416,0.8534189312490081,1.0799254366924576
2023-06-01,8955500,-0.008951612499406,38.56009070738124,33.395634076679336,-0.1592226781051078,1.495488117173011
2023-06-02,6240200,0.0258065889494591,50.41730977257891,31.388679033932718,-0.1569005979748006,1.726139827515185
2023-06-06,6641000,-0.0188680829726355,43.43232443980981,30.06913642110003,-0.2145351761999777,1.819607828857623
2023-06-07,5937100,-0.0128204579548564,39.38998903103624,28.88154806955061,0.1283805762027058,1.8305367896426843
2023-06-08,4194700,0.0194806851324105,47.52934567255613,27.81271855315613,0.2510642596232353,1.9678482005348867
2023-06-09,5752700,-0.0127390415319265,43.22912106006071,26.012860933064303,0.4543236972829728,1.9322410163156605
2023-06-12,2958900,0.0193550038341747,50.667947884826944,23.92476169284628,0.3321310884719846,2.034829493622317
2023-06-13,3727100,0.0063290856384847,52.95122092318402,22.712362385614256,0.1310973354851887,2.035130802783948
2023-06-14,2842100,0.0,52.951220923184,21.621203009105432,-0.3845993223921015,1.983530387802089
2023-06-15,6129000,-0.0062892802452084,50.08910687164882,19.93255416070145,-0.4292304163405298,1.5810381206653172
2023-06-16,21150000,-0.0253165863240883,40.38685298982829,19.136111376014533,-0.078654737262103,1.7703498145954426
2023-06-19,2530700,0.0259741634759225,50.94464816486971,19.10420164328317,-0.43209399550542,1.7731229830427453
2023-06-20,3968600,-0.0253165863240883,42.56797348751499,19.07549169799721,-0.2073564042844966,1.857125262376215
2023-06-21,5292500,0.0194806851324105,49.48912170751474,19.141140857502627,0.1149125150716374,1.9113979317956784
2023-06-22,3512400,0.0,49.48912170751474,19.20022510105749,0.1653700428615606,1.8111711334970373
2023-06-23,3841100,0.0,49.48912170751474,19.25340092025688,0.5155611314564966,1.7543694806099697
2023-06-26,3678800,0.0127387962091083,54.50308963272116,20.51424326894643,0.5982035367191987,1.6905377926987806
2023-06-27,7173500,-0.0125785604904169,49.08885554418762,18.59156674684421,0.5238573595698327,1.7266794877881766
2023-06-28,2796700,0.006369398104554,51.75158157316384,16.861157876952223,0.6245751224451918,1.7429847910247642
2023-06-30,8312400,0.0063290856384847,54.40143752397195,15.303792532182054,0.6159363867382028,1.7420416407927468
2023-07-03,3878900,0.0188679214812954,61.4574622541639,15.13425997178676,0.875833133071729,1.5574941116549468
2023-07-04,4323800,-0.0185185155833192,52.44097822614541,14.981678458924218,0.7969325878280051,1.5329888083778571
2023-07-05,7127400,-0.037735923708261,39.54750103732288,15.669511356652862,0.1049462619220323,1.79536664367476
2023-07-06,7292800,0.0,39.54750103732289,16.795504918680123,0.0101454669699163,1.6545883004101642
2023-07-07,3025300,-0.0065360031054219,37.6431302081417,17.8089040810721,0.18090198637796,1.6567306658222962
2023-07-10,3661600,-0.0131578380568968,34.00440268834012,20.136571727228667,0.4886825778785665,1.6813850730454858
2023-07-11,7456800,-0.0066666375659247,32.27136262056486,23.787029062806,0.6643402977685317,1.5695831752631777
2023-07-12,3838400,0.0067113799033073,35.90114996280689,26.204292615398145,0.6932122470231746,1.6028852305351209
2023-07-13,3150400,-0.0133332751318498,32.08049836738552,28.379823470047292,0.7501230866467785,1.5762093797671637
2023-07-14,12542400,0.0,32.08049836738552,30.671075291304163,0.7689200007836036,1.5314723006912982
2023-07-17,6619700,-0.006756813611235,30.10294324712377,32.73320515968451,0.8235710811830894,1.235683881385978
2023-07-18,3673200,0.0068027787190783,34.583502926694656,34.589122041226815,0.894480602812833,1.2908159990206658
2023-07-20,8809300,-0.0202702673396272,28.494924363041346,36.987336411025,0.910316224848842,0.8836992755854808
2023-07-21,5774500,-0.0206896521192478,23.83283915776752,39.9718294445153,0.9033128163214892,0.9820171863650098
2023-07-24,5692200,0.014084444644959,32.06596040057491,40.510820013752536,0.8945862570267715,1.1952726383866052
2023-07-25,4907700,-0.00694450326309,30.24941287816729,40.99591152606605,0.903276671756353,1.165833063545027
2023-07-26,9649600,0.041958130482538,49.37048476314017,37.92721063618546,0.6422280018897603,1.8739545184603743
2023-07-27,6161300,-0.0201342258747694,42.84528295947159,35.165379835292924,0.4790825322348674,1.95993155228046
2023-07-28,12311700,0.0273972277499363,52.20395592816443,33.609609086056174,0.1664542428290974,2.126576273326728
2023-07-31,11765800,-0.0199999982881916,45.93589012113716,32.20941355999511,-0.0238701506676933,2.234050231278793
2023-08-01,11729500,-0.0272109402019934,38.99878376948701,29.55464906503022,-0.0063741217583535,2.386583091426922
2023-08-02,8408400,-0.0139857741536917,35.9801635244838,28.156298966085338,-0.0064777500347813,2.387080216315862
2023-08-03,8648100,0.0,35.98016352448379,27.36331846465161,0.2162822119982121,2.324273433328693
2023-08-04,3869200,-0.0070923484002789,34.33937894364359,26.64963601336124,0.6595679452899222,2.2447935699883925
2023-08-07,7302100,-0.0214287522164859,29.808325516041474,26.963273083463797,0.8710824595129305,2.2571292701325243
2023-08-08,6581200,0.0145985722954087,36.05798700996971,27.24554644655609,0.9256885728098884,2.3352508473243168
2023-08-09,13352300,0.0287770408790961,46.61980205539352,25.142551021886337,0.7243705050795791,2.079006992069647
2023-08-11,15285400,-0.0064515851152845,63.48698378088419,29.17465119184265,0.0118347129128006,3.3121725390883485
2023-08-14,7951600,0.0194806851324105,66.98960244229403,30.989639313473056,0.0894348823170344,3.240596148248954
2023-08-15,6450100,-0.0063696434273722,64.69114037313034,32.8536090165812,0.4089193942153936,3.057545611857292
2023-08-16,4807600,0.0064104758728822,65.98778897527815,34.531181749378526,0.5838704980236298,2.952323794246808
2023-08-17,9725700,0.0,65.98778897527815,34.58204049958748,0.6281290753550086,2.952323794246808
2023-08-18,4764600,-0.0063696434273722,63.12584712626693,34.627813374775535,0.613863292230855,2.9474371895781357
2023-08-21,3211600,0.0,63.12584712626693,34.669008962444785,0.5693251063173335,2.7550194403998995
2023-08-22,5432100,-0.0064102289774282,59.91772566359832,34.70608647096523,0.4456265825761278,2.824094121395784
2023-08-23,3718500,-0.0129031702305689,53.83754709300366,32.992257258013524,-0.268661052369783,2.844964195175567
2023-08-24,5937800,0.0065359191932481,56.30108453735008,32.00260542047924,-0.474621728669722,0.9368782748225798
2023-08-25,6551300,-0.019480601765119,47.798233029202194,29.51542161943277,-0.7671288068750322,1.1030393436647483
2023-08-28,3049000,0.0066225734263829,50.563479365587774,27.27695619849095,-0.7584609532568402,0.8779525080835003
2023-08-29,8353700,-0.0145501464567548,44.73968202784289,26.999143375515484,-0.725854643615518,0.9462593285105316
2023-08-30,30825600,0.0402683039361992,59.03686517489173,25.355532174017284,-0.6364359261820028,1.6811094857035378
2023-09-01,11837100,0.0,59.03686517489173,23.87628209266891,-0.5139909002602955,1.6811094857035378
2023-09-04,7090400,-0.0516127703330674,41.40369549077963,23.63084218206292,0.0349886722684341,2.334580425607077
2023-09-05,10369400,-0.0136054486779071,38.2317200144824,24.34399596851758,0.5998992507468438,2.340849445471894
2023-09-06,7188100,0.048275753340913,52.41018155488373,22.25347579811197,0.4287941723777286,2.91250573622941
2023-09-07,5636200,-0.0131578184558139,48.85042873567244,20.3720016579322,0.4004078742489097,2.9136686312337257
2023-09-08,4704700,0.0133332550045894,52.439699788201935,19.26370042029459,0.2226746824685616,2.9411841025024232
2023-09-11,3748000,0.0,52.439699788201935,17.576929635276407,0.2283361344410336,2.8642016640707277
2023-09-12,2846900,0.0,52.439699788201935,16.05883592876004,0.2030072369908601,2.858839960012938
2023-09-13,9279600,-0.0263157209313111,43.97398003830727,17.010574144520554,0.4080268650702131,2.952155500776028
2023-09-14,4975100,0.0067568034002589,46.37858436982019,17.867131931615262,0.2275067926499442,2.6112263299608927
2023-09-15,11139600,0.0268455645279144,54.96841181295781,16.374387487370164,-0.5414508520002796,2.784940985205908
2023-09-18,4636800,-0.0130719859876351,50.47615967165397,15.030917487549576,-0.4161204485590127,2.2140567304225574
2023-09-19,4897600,-0.0264899138761482,42.71822566897622,15.588613285198504,-0.0313822375145629,2.353893793573934
2023-09-20,6591200,0.0204081295781177,49.22187396113718,15.328760755325902,-0.1324110362714609,1.8514781855772624
2023-09-21,3783200,0.0066665423623555,51.27094681063527,15.09489347844056,-0.1209519669357033,1.8146148780790048
2023-09-22,7042600,-0.0066223938929281,49.07075298087935,16.05829266824676,-0.1488400665198212,1.7708317623318406
2023-09-25,5209900,-0.0133333401445284,44.79857254705652,16.925353580394997,-0.0545299813652726,1.810688276732329
2023-09-26,5191900,0.0270269547295984,53.7471061628161,16.746822426997802,-0.4620695808865069,2.039641363585788
2023-09-27,13073100,-0.0065789932475902,51.43115446406924,15.680024623843517,-0.3439026556342374,1.8404562487981584
2023-09-29,7423700,0.0,51.43115446406925,16.11794336207664,-0.334818020906625,1.8341000817015936
2023-10-02,3987700,-0.0066223938929281,48.833416113199725,16.512052544914944,-0.1727387450879336,1.6117953249981851
2023-10-03,5081400,0.0133332550045894,53.99696881931454,15.856442337018402,-0.2317363670241677,1.6239835473627715
2023-10-04,4693500,-0.0065789932475902,51.13032467981869,15.266399769455408,0.2397664003829771,1.35174817085428
2023-10-05,8827700,0.0198676891354379,58.47816466255807,14.635816916929674,0.6367434923419625,1.3439985216558517
2023-10-06,8026200,-0.0064935511887428,55.39345074767128,14.068292349656511,0.7000673745993181,1.3652776118304568
2023-10-09,6404400,0.0130718190465728,60.07363423103186,14.398020394135846,0.8172182477811837,1.3786781004966446
2023-10-10,4054300,0.0,60.07363423103186,14.694775634167248,0.8600443818407826,1.2584274357202592
2023-10-11,20150200,0.02580654995353,68.2889462442935,15.385998521105073,0.9480111123561312,1.2347408853196842
2023-10-12,7519500,0.0125786229193023,71.54202369336582,17.01625629997586,0.9700371970237126,1.1901724158442686
2023-10-13,4303800,-0.0186334309957184,61.09617507481403,16.837040474188917,0.91591545652028,1.4257319072415393
2023-10-16,17714100,-0.037974860549686,46.12877059290818,18.06321727165593,0.5682777514641146,1.9493263166185355
2023-10-17,7886600,0.0065789932475901,48.46668042123859,19.166776389376235,0.3405860356558636,1.915162623961954
2023-10-18,5660000,0.0,48.46668042123859,20.15997959532451,0.0451663302139747,1.898137104775848
2023-10-19,7223000,0.0,48.46668042123859,21.05386248067796,-0.1100254537992321,1.7848903111583578
2023-10-20,4465500,0.0065359929938175,51.36214184641705,21.85835042179229,-0.3510634749027796,1.7838869355031424
2023-10-23,5829700,-0.0194806535662288,43.26007726639089,23.84731154870204,-0.5044516503091729,1.8313722662231784
2023-10-24,7621100,-0.0066223938929281,40.872232562860674,25.637376562920803,-0.5896910231831431,1.8334651786783196
2023-10-25,6232900,0.0133332550045894,47.33255336258886,24.030683661350228,-0.1876697274271152,1.6478313069719135
2023-10-26,5489800,-0.0328946301592181,36.31184465642173,24.406121617452214,0.6653713242410478,1.752322726120617
2023-10-27,5294500,0.0136054486779071,42.28442203661776,25.47078800923213,0.8312812537112627,1.8476439778773737
2023-10-30,2202800,0.0134226536969401,47.73072203606418,25.71388871874292,0.7164368733557102,1.5389080025281494
2023-10-31,7707400,-0.0198674354071112,41.244057772912825,26.69172625922106,0.7581946533741722,1.627438553793744
2023-11-01,4150700,0.0202701513293392,48.952326714721806,26.82309904837932,0.6217131591843077,1.7898137800353418
2023-11-02,3861600,-0.0066223938929281,46.68400893668849,26.94133455862174,0.5240569769390075,1.797240874016622
2023-11-03,3218400,0.0133332550045894,51.66156516485431,27.047751256198357,0.0956153406110811,1.844634461207973
2023-11-06,4208600,0.0065789932475901,54.04511070327802,25.45844633402755,-0.1599317975429265,1.7379237801841856
2023-11-07,9325300,0.0326798814985564,63.92699165207162,24.773398412919285,-0.1247642034693499,1.96461083230079
2023-11-08,5847200,-0.0063291568964555,61.01152313596667,24.15685528392185,-0.11537242795256,1.9745799178456973
2023-11-09,5939600,0.0127387778585521,64.59924339101754,24.106699033103197,0.5813131686649718,1.516255537865283
2023-11-10,3629600,-0.0188680548600006,56.00918951892455,22.56387564286107,0.6382691410104839,1.716881342101642
2023-11-14,7297500,-0.0256409605685776,46.79140397462979,22.175509551105492,0.4593235247145533,1.9285677803516936
2023-11-15,22231400,0.0657895963971688,63.48468760821525,21.759199145044946,0.6599953929528776,2.6678227708666467
2023-11-16,9109600,-0.0061728818425605,61.34619709722728,21.38451977959044,0.7108042168931618,2.679057012903876
2023-11-17,9044400,-0.0124223666534039,57.07390770994615,20.50988497128136,0.6457039112489482,2.717227257453001
2023-11-20,5329400,0.0125786229193023,60.15697373224423,20.14346547115837,0.6172169585485289,2.7151203985571613
2023-11-21,13730600,-0.0248446539838828,51.87710745967724,18.504687116031512,0.3509648904590683,2.885377693234449
2023-11-22,7457800,0.0127387778585521,55.295447062972855,17.029786596417342,0.3875219636849645,2.721333140971089
2023-11-23,7190200,0.0062893516200002,56.99267042497064,15.969630516359246,0.3974356138822499,2.713038001419389
2023-11-24,5553600,0.0125000059864017,60.33876485559016,15.499345724122175,0.5607743171091389,2.7120195740609145
2023-11-27,4811200,-0.0123456848518473,55.53766414118885,13.969521951591975,0.4770658596904345,2.663137998987525
2023-11-28,11027300,-0.0124999261677115,51.02644017256491,14.055689566219485,-0.4450015728524411,2.536351201577729
2023-11-29,8228500,-0.018987551518414,44.94206546890219,14.133251592165616,-0.3403337560172393,1.4176815983670965
2023-11-30,42176200,-0.0129031513865177,41.29474205213208,15.120017354697003,-0.0954038783106678,1.443218632774739
2023-12-01,5564600,0.0196077285698592,48.289160131804906,15.308281871527154,0.0259688289112444,1.606163670725327
2023-12-04,2907400,-0.0012885604160461,47.8645826347186,15.477719936674294,0.3190238033009114,1.526230929842174
2023-12-05,2722700,-0.0064516065570869,45.63528188664615,17.0712689451612,0.4179674852683392,1.334880144753459
2023-12-06,2286300,-0.0129869176261242,41.35504674156643,18.505451998508637,0.5915994956264368,1.2803114198655825
2023-12-07,4173000,0.0131577968499558,46.8898467894084,19.79622303292156,0.5889036239625115,1.3572016488800411
2023-12-08,2475900,0.0,46.88984678940841,20.95791696389319,0.5702854193973587,1.249634085634067
2023-12-11,4763000,-0.0064936650711638,44.308439530944334,22.00345673851496,0.5250408256660385,1.2220513349539008
2023-12-12,3719500,0.0,44.30843953094433,22.944442535674547,0.2955500321069027,1.187579054122181
2023-12-13,4533800,-0.0196075777269412,36.80437094805378,25.48029189431584,0.5195089832317002,1.1971884304252065
2023-12-14,16045100,-0.00666674402903,34.631994362370406,28.560094414380806,0.7972058358532418,1.1535612206044554
2023-12-15,13890700,0.0,34.631994362370406,31.33191668243928,0.8197918057119884,0.877769874159204
2023-12-18,12200100,-0.0335570126422269,25.383567898692643,34.798074982647655,0.8488275853493221,1.2707806357948084
2023-12-19,6476400,0.0277777483669023,39.69787791391338,38.176206582881846,0.833283209082303,1.6876215095823173
2023-12-20,4035400,0.0,39.69787791391338,38.77967604724138,0.859134135225582,1.6591201976915857
2023-12-21,4082400,-0.0067568356440743,37.47875381504822,40.40592684287509,0.8217674703720812,1.566721796354812
2023-12-22,4945100,-0.006802628188767,35.28707735941619,42.17113662325849,0.7843402652774666,1.5596175714255538
2023-12-26,2665600,0.0,35.28707735941618,43.75982542560355,0.7313805261674465,1.5671823720284332
2023-12-27,8093000,0.0,35.28707735941619,45.5104326241633,0.6572282129720718,1.5671823720284332
2023-12-28,3237600,0.0,35.28707735941619,47.08597910286707,0.559922267656617,1.4781459850629466
2023-12-29,3327200,-0.0068493079158388,32.39930793378342,48.83815906894695,0.5078066092096054,1.4787151614559375
2024-01-02,6136900,0.0,32.399307933783426,50.724728183584645,0.3616435824759241,1.4787151614559375
2024-01-03,5423200,0.0068965444724862,38.6024645212941,50.93700021829428,0.914488462827548,1.0207071175952291
2024-01-04,5112700,-0.0136986158316775,32.064112337490926,51.55057823411907,0.8761118697387105,0.5773647029799058
2024-01-05,9663400,0.0347221854586279,53.80052317726204,47.62891885909153,0.2081990965693778,1.322475009265587
2024-01-08,5394600,-0.0134228903286938,47.10241719001291,44.099425421566735,-0.0348760935741717,1.3800707982004623
2024-01-09,5964500,-0.006802628188767,44.05534107944838,40.92288132779443,-0.0478906014585751,1.3800707982004623
2024-01-10,4597000,0.0,44.05534107944838,38.84409520761945,-0.0714279012015274,1.3800707982004623
2024-01-11,4535200,0.0,44.05534107944839,36.97318769946197,-0.1065393506727023,1.3800707982004623
2024-01-12,1561000,0.0068492208918773,48.61515991799781,34.10023165262145,-0.1764708923241299,1.3965030130833318
2024-01-15,0,0.0,48.61515991799781,31.514571210464982,0.1801220620320663,1.3715578598003857
2024-01-16,4050300,-0.0136053428095039,40.47046395376616,31.648949610903905,0.0163539785115792,1.4526693460075333
2024-01-17,7896900,-0.0068965444724861,37.02441373102437,32.37670327921647,0.0163558249893955,1.446369925721149
2024-01-18,6276700,0.0,37.02441373102437,33.031681580697786,-0.2375154093267484,1.3790448263731598
2024-01-19,7389400,0.013888874183451,47.96465364187606,31.08657603246701,-0.1047818653225453,0.8556821919528874
2024-01-22,15907700,-0.0205481848194009,37.19515920884684,30.13130318809176,0.4936284880544354,0.981757946851706
2024-01-23,15142700,0.0209792707521931,49.735119201106784,29.271557628154035,0.3048241459111696,1.2178275302580426
2024-01-24,8191800,-0.0205481848194009,40.70474816793695,28.497809642770267,0.5109763950727604,1.381440853483809
2024-01-26,19091300,-0.0209788265038893,33.871526686590705,29.956782085707594,0.7601906919866027,1.501934101543459
2024-01-29,6247400,0.0214283685295317,44.26712243268079,29.948578531162127,0.6831964787070542,1.6800705700539489
2024-01-30,3094900,-0.0069927348520878,41.83161807798991,29.941143983588592,0.6519534988505632,1.682467534264279
2024-01-31,9778500,-0.0281691627899987,33.612195720491655,32.48045480012954,0.787317703361771,1.8372370297888008
2024-02-02,8528000,0.0289856646974371,45.50874335003045,34.765802315673035,0.7204595349657579,2.120023426400913
2024-02-05,3324500,0.0070419775338161,48.09243955471085,35.544723585148304,0.6134831759571088,2.1360704180844388
2024-02-06,2597900,-0.0209788265038893,41.52865770660586,37.13363426848956,0.569676386837933,2.159704521260118
2024-02-07,2248700,0.0214283685295317,49.22808412789949,38.56365388349669,0.4375112342313713,2.209224613539106
2024-02-08,4241100,0.0069932679500526,51.58918308033501,37.42402132540956,-0.0487627149588224,2.105010856431359
2024-02-09,1517600,-0.0208332230425503,44.66569311730335,36.99371618659339,-0.1681096170225663,2.1079423005634124
2024-02-13,8076100,0.0283686709843129,53.842743048099386,37.1633296162931,-0.0771089942246126,2.170357600798035
2024-02-14,6412500,0.0068965444724862,55.87550823836376,36.14151472844152,-0.2024912189274479,2.085666418466224
2024-02-15,6548900,-0.0068493079158388,53.26888466904249,34.13014951096826,-0.0972761461812037,2.084963167246033
2024-02-16,13249000,0.0413792668349166,64.35470402599609,32.86563228933919,0.7797543011648257,2.11583946124721
2024-02-19,14247300,0.0264900394779201,69.68222541683727,33.48027337625582,0.9366409808737496,2.0912954278083284
2024-02-20,11400500,0.0064516065570867,70.89073932137154,34.03345035448079,0.9541713651158666,2.0919908243528065
2024-02-21,12956100,-0.0128205002904348,65.12213869142208,33.6352698873755,0.9211004629385238,1.9750099460768904
2024-02-22,6311800,-0.0129869176261242,59.72239763598496,33.27690746698074,0.8439567826859781,2.0474299280500348
2024-02-23,8923900,0.006578689452974,61.49602954718316,30.08420893892029,0.7958793652485555,2.0473179353781545
2024-02-26,24525000,0.0261441013091814,67.79855730776443,29.08468046295542,0.8052773200744189,1.8892397286916311
2024-02-27,16579700,0.019108258605587,71.66370076767204,29.38264272497411,0.8282145099130288,1.815720705565357
2024-02-28,16595900,-0.0187499791550431,63.2308091527364,30.008046404665738,0.7716724472317145,2.03314822213426
2024-02-29,16586000,-0.0063695813886639,60.59006703952866,29.151755861057357,0.6322381938851588,2.02944617560254
2024-03-01,7797200,0.0064104130362332,62.33774366387438,28.38109437180981,0.514165951948928,1.646363160810163
2024-03-04,12891100,-0.0127390009238596,56.745702887192486,28.164063298017663,0.4500221668777939,1.5136308640441374
2024-03-05,7268500,-0.0064516065570869,54.05198047901446,25.9080918798042,0.4484995920427174,1.508484085873791
2024-03-06,7353100,-0.0194805001940474,46.66759991604166,23.87771760341208,0.1958185462849949,1.5786217327220082
2024-03-07,13793600,-0.0066224257271039,44.42003584097504,22.603483310268118,-0.1626125999291442,1.5411331820686431
2024-03-08,8054800,0.0067113826774771,47.26118311865192,22.00670545003292,-0.4805723224836997,1.5418845239831085
2024-03-11,7744100,0.0,47.26118311865193,20.723737964384984,-0.3685894728143821,1.213283980485702
2024-03-12,11874300,-0.0133333647450889,41.96448631769523,20.17159165899272,0.4546079495942051,0.9336400885830112
2024-03-13,12457500,0.0,41.964486317695226,20.76415297651745,0.7486508123404899,0.8580596554586161
2024-03-14,11044800,0.0067568155278074,45.719666313488496,20.45735196112183,0.7249986648821297,0.9349260413146706
2024-03-18,14055400,0.0136055613236312,47.32921761420281,18.72289805471919,0.6832068336207732,1.051353127548977
2024-03-19,14946100,0.0,47.3292176142028,17.410387976870076,0.5488396718683992,1.049137047847635
2024-03-20,6853600,0.0,47.3292176142028,15.904855031935984,0.3842146458331195,0.8651548151425927
2024-03-21,14451100,-0.0067114673807945,43.659175964960575,14.869232412174869,0.4537422503144864,0.8658443322267447
2024-03-22,9990700,0.0067568155278074,48.12836851239689,13.661475972006007,0.1681510697219119,0.8662739871291794
2024-03-25,7074200,-0.0067114673807945,44.23002136020951,12.574503313757283,-0.2647250609816294,0.8865697462798451
2024-03-26,11072800,0.0,44.23002136020951,11.596227921333432,-0.1039459752434609,0.779369907159474
2024-03-27,13226900,0.0135135457799728,53.52486818963806,11.162675114921376,-0.075383267240471,0.8883763731751396
2024-03-29,5935100,-0.006666640303229,48.98895543214311,10.77248063340068,-0.3800883562765632,0.8994290948658683
2024-04-01,3548500,0.0,48.98895543214311,10.421305600032053,0.3461858593549434,0.766599358184664
2024-04-02,6804500,0.0134227653549539,57.815773131179895,12.76647656216526,0.6520825648521715,0.7633749082784806
2024-04-03,10935900,-0.0198675552040676,44.87419617372365,13.591001144978993,0.4943824765999344,1.0185876729880374
2024-04-04,9091400,0.0,44.87419617372364,14.333073269511347,0.4111058135803382,1.0185876729880374
2024-04-05,6318900,0.0202702760321378,56.80972814529144,15.838452231068796,0.6124026761054073,1.1835025037151847
2024-04-08,5350800,-0.0066224905408811,52.5923384228744,17.93751731823361,0.6305620029884774,1.2001622098027
2024-04-09,10084600,0.0,52.592338422874406,21.02543673418021,0.5528485783278784,1.1723442285907175
2024-04-12,10652700,-0.006666640303229,48.176890460568174,23.80456420853215,0.248288878751885,1.199854019976992
2024-04-15,9678300,-0.0067114673807945,44.06614729923561,24.74533264260332,0.2039165179620944,1.1289487592364604
2024-04-16,17582900,0.0067568155278074,48.9098374389889,22.39970555126593,0.1573669763323466,1.1376098024964107
2024-04-17,6603700,0.0067113826774771,53.39413290495715,21.661250272222848,0.1786870195581003,1.1568626352826192
2024-04-18,11553200,-0.006666640303229,48.6495976409624,20.05253293860911,0.3756962580981187,1.0840847833273242
2024-04-19,12757400,-0.0201343174390661,37.53252738517607,19.118591731746484,0.4120114052853981,1.0891877674474442
2024-04-22,7671300,0.0205480381621734,50.18159251230247,18.982870535830177,0.3333332492809475,1.291588521913129
2024-04-23,13552400,0.0067113826774771,53.657115290593374,17.103216613463097,0.3641103732170769,1.1242046928455534
2024-04-24,6506700,0.013333364745089,59.87739169452869,16.79930454440246,0.2596376940703897,1.181238668123799
2024-04-25,7291600,0.0,59.87739169452869,17.155130462946843,0.3432985434387356,1.181238668123799
2024-04-26,5794200,0.013157759264327,65.58082734952643,18.07466080707489,0.7218637736082215,1.1972811916943198
2024-04-29,12359000,0.0194806903050897,72.1735175747775,20.748061044762142,0.8786329842047739,1.2380165031517003
2024-04-30,10381900,-0.0063696423122323,67.39249313291243,23.154121258680675,0.858547084725721,1.2971570351301671
2024-05-02,28364500,0.0641027248704366,81.21704014694102,27.856803767947344,0.94742090263842,2.288190217289425
2024-05-03,19116300,0.0120480691096469,82.8342899022861,32.08921802628735,0.9599693565701388,2.2080769567619387
2024-05-06,25216800,0.0119048665414653,84.33314799488575,36.50989917727516,0.9628062122315412,1.8957100767192536
2024-05-07,45019000,0.0411763828103881,88.30449993548952,41.061793638825606,0.9762826810464994,2.061802742841824
2024-05-08,15593600,0.0056497670643145,88.75688417707289,45.15849933186482,0.9702533449597304,2.068269376543201
2024-05-09,11711900,0.0056178847164083,89.22016805903921,48.84552262689742,0.957009459857334,2.0994811737161885
2024-05-10,17477200,0.0055866414156726,89.69212055775712,52.24516296616084,0.9422716943622872,2.057180762476376
2024-05-13,15428700,-0.0166666725096277,78.26977083423499,54.42956912550376,0.8919208339806867,2.322013957398507
2024-05-14,21792900,0.0,78.26977083423499,56.39553466891239,0.8305242706581726,2.354769685414234
2024-05-15,16375300,0.0112993915207646,80.33133965229774,58.16489777546237,0.8215091548089453,2.263599806299033
2024-05-16,21252000,0.0111732828313451,82.20696672608209,60.18375737255461,0.7876454899802549,1.4285432453770317
2024-05-17,18598800,0.0276243409818144,85.9331402813153,62.58039631241886,0.7621041608448967,1.5480674213351675
2024-05-20,8363500,-0.0161290366357249,75.40563930691569,64.73737135829668,0.6881252435437818,1.7563349826217127
2024-05-21,9019400,0.0,75.40563930691569,65.71695559702015,0.6933397107181181,1.3045122843119046
2024-05-23,14606200,0.010928849820057,77.65831977529643,66.59858141187127,0.7412479964277947,1.325077793027724
2024-05-24,8531400,-0.0216215390194773,64.52480459453871,64.56339024796425,0.719748459347277,1.548050869642018
2024-05-27,7899800,0.0110497503383559,67.5716349852368,63.036105393647176,0.8131742475744695,1.574587213921612
2024-05-28,8185600,-0.0109289877522427,61.68508123326968,59.992894968747336,0.6447376745584816,1.5090473352114095
2024-05-29,6278800,0.0110497503383559,65.0664809646162,57.99854096697767,0.3668818962781417,1.5303175601145822
2024-05-30,8514900,0.0,65.0664809646162,56.20766290251972,-0.055266821157239,1.5074202021509384
2024-05-31,20044200,-0.0054945286095147,61.68745935296454,52.90744368098791,-0.5823241142754975,1.4906412130158726
2024-06-04,11878400,0.0,61.68745935296455,48.48217559452738,-0.2673079464902779,1.1528654519752457
2024-06-05,7276700,-0.0055248852495826,57.97075844433501,44.49943431671291,-0.2948872378771525,1.0541816919799936
2024-06-06,12352400,0.0500000732190051,73.7727601999665,44.00139631391213,0.2620878401524074,1.930915666827512
2024-06-07,17480100,0.0,73.7727601999665,44.62147724293175,0.6630945207655431,1.9178851819659744
2024-06-10,12455100,0.0211639104777019,78.25803392846926,45.17953777787031,0.8335361958856511,1.783780400568891
2024-06-11,14600300,-0.0051813043549516,74.70903686997801,46.1713852260816,0.8749203705542218,1.817688790774056
2024-06-12,17539500,0.0156250010214704,78.03016666072182,47.6962164505309,0.8783863824746962,1.74331727371765
2024-06-13,14712700,0.0,78.03016666072182,49.06856455253526,0.86389851105362,1.757949836602506
2024-06-14,10035400,0.0,78.03016666072182,50.303677844339184,0.8417125116502022,1.757949836602506
2024-06-18,13863300,0.0,78.03016666072182,51.85534536290783,0.8155667101828179,1.722585326428547
2024-06-19,7185700,-0.0051282269144179,73.14988748079068,51.38663860557225,0.7459767966502142,1.7550792935004456
2024-06-20,3114000,0.0,73.14988748079068,50.09923231621978,0.7409804915294264,1.719267619157962
2024-06-21,14023700,-0.015463789459491,59.39227999411699,49.31775099100008,0.3525860969097679,1.0393325049061857
2024-06-24,5161600,-0.0052356894867007,55.52450596109153,46.19898832291682,-0.2963132151697479,1.0585088530030908
2024-06-25,9991400,0.0105262942323156,61.14706740224658,43.39210192164188,-0.4489608410345501,0.8642721039337543
2024-06-26,10149400,0.0,61.14706740224659,40.09453564249959,-0.7820402725299308,0.8483794986201485
2024-06-27,4794800,-0.0104166455562766,52.8920365709492,37.12672743003078,-0.7662722590941178,0.7039629634432915
2024-06-28,7436400,0.0210525884646313,63.76328408733739,35.699513620908455,-0.7101043520509126,1.0291226772073676
2024-07-01,9813000,-0.0257731118327909,48.28658052017974,32.77305366379108,-0.4677864107109424,1.3025459561288812
2024-07-02,8652900,0.026454937905971,59.27083895597621,30.13923970238544,-0.2734130548604576,1.604815977123066
2024-07-03,7684700,-0.0206185153462941,49.857457881996574,27.76880713712037,0.1303965984673087,1.7257458593297126
2024-07-04,10667900,0.0210525884646313,57.37868791333997,26.421091016783677,-0.173766598822019,1.874170796855304
2024-07-05,9182300,0.0,57.37868791333997,25.93957318657646,-0.2325437153309618,1.7929926845687556
2024-07-09,11285500,0.0,57.37868791333997,24.452993068074477,-0.1028830108770559,1.7780579322610477
2024-07-10,7459200,-0.0051546611866499,54.57154834719413,23.89570868672059,-0.0789592966788047,1.765845069130748
2024-07-11,12632100,0.0,54.57154834719413,23.39415274350209,-0.0195756191698526,1.765845069130748
2024-07-12,9344800,0.0051813693903399,57.15908837865452,21.28445166458584,0.3273075442225218,1.7255651631807187
2024-07-15,7448500,0.0103092576731469,61.97238859503141,19.38572069356121,0.4837726767276733,1.6258451075692235
2024-07-16,21881300,0.056122369583125,77.45311265405036,23.236544056240326,0.9080174168567424,2.1098298952744368
2024-07-17,11306400,0.0338165727583552,82.49253549378024,27.91029749521657,0.969684166204218,2.187612508645872
2024-07-18,8294300,0.0,82.49253549378024,31.46533847795697,0.9508588204205553,1.950542434854612
2024-07-19,2654800,0.0,82.49253549378024,34.664875362423324,0.9285603126515016,1.9571728911895312
2024-07-22,12532200,-0.0280373842738955,65.32532760202511,34.417577027814055,0.8384259351879982,2.2894074453121567
2024-07-23,6532300,-0.0336539279681907,51.44666646514982,31.877802630998133,0.6524248111892135,2.629489023448012
2024-07-24,4122300,0.0099502916302212,54.51448268369224,29.5920056738638,0.4945576847978862,2.61530801335825
2024-07-25,10500100,-0.0049261912227344,52.66576074801566,26.66625448537269,0.2542865922150514,2.6311360114753395
2024-07-26,9174500,0.014851487609417,57.47300185225048,26.39050363896427,-0.0455305298216346,2.650083953416753
2024-07-29,7600000,0.0195121574888599,63.03472941067667,26.14232787719669,-0.4915324373873734,2.683090046860012
2024-07-30,5592300,-0.0047845298021009,60.82513807961705,25.91898001254136,-0.5992187307054411,2.05620294650831
2024-07-31,11240400,0.0096153045417708,63.65626905873339,26.6468806747822,-0.3591431813093708,1.7410291921174936
2024-08-01,4447600,-0.004761985025308,61.1990952007796,27.301991270798958,-0.0115529983086348,1.7422310726639558
2024-08-02,6439200,-0.019138719774485,52.23748111786541,24.806524393992312,0.5824763485471414,1.8185417544198437
2024-08-05,14606800,-0.0439023849641559,38.23883109371396,25.37202765394195,0.8258800471198174,2.0979517138266632
2024-08-06,6810800,0.0153061881226002,43.81531598816859,25.88098058789662,0.8756588873933407,1.9389932040880296
2024-08-07,3643300,0.0351757757519224,54.472649582196254,24.349982689613512,0.8358172018787691,2.236113892931833
2024-08-08,7866900,0.0,54.472649582196254,22.27038694957965,0.7858154566426758,2.2253074140310822
2024-08-09,6806800,0.0145630479353793,58.62510691517632,20.39875078354917,0.7304373198651521,2.223501484049624
2024-08-12,10900400,0.0287083198881601,65.59794014934448,19.974229545674767,0.6471510920912003,2.3201651761608475
2024-08-13,9464300,-0.0232559117070499,56.74345161908209,20.14424112576761,0.7331291823283193,2.4590851713672395
2024-08-14,15853900,0.0,56.74345161908209,19.094032704797204,0.774071901497103,2.4413936320335075
2024-08-15,9809700,-0.004761985025308,54.91324217770234,18.148845125923835,0.8036310071802988,2.4413936320335075
2024-08-16,11669700,0.0095693598872426,57.92868072337959,16.904643653357503,0.8127488332487134,2.355079484570549
2024-08-19,18680800,-0.0047392383810493,55.853429685255854,15.38917446163801,0.6470261468210905,1.7280244900320731
2024-08-20,15739200,0.023809626273443,63.181385486077126,15.126537946626234,0.6884179345300592,1.7928375608781335
2024-08-21,6854700,-0.0418605826920905,47.434093861055885,13.692250141164983,0.1691099875010667,2.116756029971678
2024-08-22,5475800,0.009708840796422,50.48151438194235,13.308673066933608,-0.1599529967015897,2.1378803115384315
2024-08-23,3273500,0.0,50.48151438194234,12.963453700125369,-0.3238854591476545,2.085502002059982
2024-08-26,7792300,0.0048075315802211,52.19228630277969,12.307945862302324,-0.1573447449194215,1.838694931923521
2024-08-27,8707500,0.0,52.1922863027797,11.297654134888903,-0.1550766152137984,1.6905254083677732
2024-08-28,6369400,-0.0047845298021009,50.057243100858926,11.136559448540556,-0.143116578341487,1.6961964080636018
2024-08-29,7059600,-0.018375213999634,42.648102893156285,10.034409666521928,-0.0876998009578271,1.7836758326164306
2024-08-30,10805500,0.0147782700076826,49.23874105245726,9.849647651245576,0.2565921033996083,1.8288547134785549
2024-09-02,5600400,0.0097088031489804,53.22076226325534,9.330151811713254,0.2878217598556394,1.8587007937885855
2024-09-03,4053800,-0.0048077543240122,50.99818871754193,8.862605556134165,-0.0205786850676077,1.6569648820758052
2024-09-04,5066400,-0.0096619006956879,46.66734127421808,8.442291043546291,0.2712777473849805,1.0037985154883855
2024-09-05,8130000,-0.0048780514530575,44.56484460920778,8.921961149575633,0.4319183423102093,0.9540061622279404
2024-09-06,6986600,0.0049019634831493,47.20756630586684,9.766759821517038,0.4818993807312813,0.9739353620292156
2024-09-09,15957800,-0.0292681869679471,35.82263084481815,11.970245151063027,0.6734300549984344,1.2971996222433313
2024-09-10,3736100,0.005025127834042,38.566311730274734,13.95338194765442,0.7385556272255608,1.324881759932969
2024-09-11,4890200,-0.0099999419707228,35.22028553537112,16.087026772727466,0.817425522616843,1.3396502344772936
2024-09-12,5845700,0.0,35.22028553537112,17.279777929362048,0.9331638762730808,1.2473327149507534
2024-09-13,4513100,-0.0101011399755326,31.812713437799395,19.121673324931415,0.9439073235528328,1.1063290715870844
2024-09-17,5442200,0.0,31.8127134377994,21.46116427971948,0.9206633408639242,1.001430620069122
2024-09-18,4314100,0.0051021707560945,35.65556473652073,23.56670613902873,0.878330837590155,1.0605002020669791
2024-09-19,12709200,0.0203043862035201,48.54372890662667,21.94776672488468,0.6268974356945421,1.305655529125607
2024-09-20,28841000,0.0,48.54372890662666,20.490721252155023,0.3358382034596617,1.3023654433422271
2024-09-23,6349500,-0.0099501301429241,43.20215647216915,20.184732464632912,-0.1347900221012741,1.3071452687324627
2024-09-24,13971000,0.0452261505063791,63.360682914612696,20.24468725957933,-0.338832349747881,1.7003259148092518
2024-09-25,26955000,0.0432691889442709,73.72304667560337,22.402311580510368,-0.1660100842203165,2.095993765634164
2024-09-26,16636700,-0.0092164790843857,68.9108928712145,24.743864070934077,0.2028558530685109,2.0884910462057187
2024-09-27,10358100,-0.0232559381401871,58.33389766698156,25.817130351294708,0.4539383576714283,2.3108486792076484
2024-09-30,17167900,0.0095238140514886,60.99470432587211,26.78307071708509,0.6219650505632722,2.2398578013795736
2024-10-01,18419000,-0.0188678745484451,53.41457903796618,26.561755963471533,0.5699887842040496,2.390103484090887
2024-10-02,18455700,-0.0144232029748523,48.40189489593103,24.472176054041647,0.3765664734271341,2.478317251694208
2024-10-03,8851000,0.0048781123282566,50.13507518283116,22.973126303109176,0.1990423161850922,2.4145494383944124
2024-10-04,6761500,-0.0097088031489804,46.65272993161661,21.62397403571003,-0.0914454487072021,2.446008764380549
2024-10-07,16373500,0.0196079762798115,53.78603607130303,21.91678603913672,-0.6372699168954004,2.4674453372883742
2024-10-08,14935400,0.0240385316313251,61.02435692125551,23.35813840198785,-0.6835292907410455,2.1515668338764677
2024-10-09,26866200,0.0187792321469688,65.78749495285408,26.13797909158125,-0.1615876832294703,1.7363330090561846
2024-10-10,10983000,0.0,65.78749495285409,28.639835712215312,0.3133710585386536,1.7053611236848638
2024-10-11,12150900,0.0046084120686638,67.03107350409311,29.744184821291515,0.5629542253873907,1.4762083467822806
2024-10-14,15343100,-0.0091743150777072,62.02143054534896,30.73809747699939,0.8245355521363669,1.5141965205756958
2024-10-15,21256900,-0.0046296312344922,59.54895371814485,30.435804407133936,0.8337883947551588,1.3550190428354374
2024-10-16,16931700,0.0139534932315723,64.29371014011762,31.066981107700588,0.7724626867124699,1.2318862454143855
2024-10-17,15521100,0.0091740860976474,67.14801992084932,31.91481036529017,0.7338180591005048,1.2341161068637414
2024-10-18,11223300,0.0045454571238463,68.5449821071063,32.67785715545771,0.7316334595877779,1.0988953290213246
2024-10-21,8871800,-0.0135744424270329,60.03550650103428,34.215598637637235,0.6747194620465589,1.208034383228087
2024-10-22,12304400,0.0,60.03550650103428,33.59710585666678,0.5605087850551029,1.00399422640753
2024-10-23,22077000,0.0137612436365011,65.34664258559238,33.98069645435315,0.6508130233252514,0.9220542917726248
2024-10-24,10697800,0.0090497788658774,68.45230474796291,34.32592892623994,0.7205792602135975,0.9458052356016384
2024-10-25,15522900,0.0,68.45230474796291,33.935446501715546,0.8082022410655662,0.9470862706233784
2024-10-28,3262600,0.0044844193652331,70.10612004260138,33.957300402742206,0.8100201699993116,0.8572839398168068
2024-10-29,14472400,-0.0178572622392971,56.85884006229164,33.97694446480797,0.5698357123666187,1.074272198604597
2024-10-30,7626700,-0.0045452302253725,54.02336690554685,31.77091364936457,0.2612855612782023,1.0096608902056774
2024-11-01,6047000,0.0182646184929404,62.36503337780709,29.14285304014648,0.3516960621646321,1.130133986759847
2024-11-04,8299700,0.0089687268074531,65.81121136942372,26.25412765061525,0.5647246333449637,1.1521978937030772
2024-11-05,5816100,-0.0088890037611291,59.733734339865286,24.685622770389976,0.4434154007681042,1.0903479778614316
2024-11-06,5621300,0.0044844193652331,61.69876415008974,22.648257719445468,0.2843868684682522,1.088949904665272
2024-11-07,13750000,-0.0446428770398829,40.00649630579417,23.73904758841538,-0.1640059000526914,1.7806221262963575
2024-11-08,6008300,0.0093459153825699,44.35414290713789,24.720758470488303,-0.1069799884671107,1.7828845991662703
2024-11-11,8654600,-0.0185186404880929,38.20206746179719,26.529172125276336,0.3054211596472931,1.842978654628859
2024-11-12,4850600,0.0094339667068048,42.62334210986712,28.4371557497873,0.6011002433731971,1.8772807272227048
2024-11-13,6368500,0.0,42.62334210986712,30.15434101184717,0.6507397239136172,1.8190287832414007
2024-11-14,5348100,-0.0186915975050503,36.22425543802353,32.28712173572193,0.7428076493913208,1.8893988451816632
2024-11-18,20137100,0.0054946452681727,18.454207878716044,41.80479466897024,0.9382161836663132,4.340236639482886
2024-11-19,17703700,0.0109287608945107,22.0781553049926,45.48508812203734,0.9114499713230484,4.438366196957452
2024-11-20,11808600,0.0054055432350368,23.955713412755223,48.79733901990244,0.8700148340762105,4.443539792495775
2024-11-21,12313100,0.026881664158036,32.9332465455236,49.38913582507757,0.8012429739764433,4.532097814933099
2024-11-22,12539400,-0.0314136922700479,28.45427168847237,49.92175294973519,0.7688732848275979,4.5189942700019925
2024-11-25,15500100,0.0054055432350368,30.21195759958622,50.40110836192704,0.7149257315300238,4.557818888344188
2024-11-26,6121400,-0.0053764804375792,29.40917510025745,50.99284180597091,0.6307771322233106,4.504219395631554
2024-11-27,5542000,0.0054055432350368,31.43353750883724,51.5254019056104,0.438662494688087,4.525374783232791
2024-11-28,9892900,-0.0162162604617409,28.677463504657474,52.79292065518007,-0.2235739785541019,4.522548782953019
2024-11-29,12316500,-0.0054945661996133,27.775479149204703,53.93368752979277,0.234049439958753,1.5876930448680886
2024-12-02,6430100,0.0055249232561922,30.214312477136595,54.96037771694421,0.5843443913257746,1.5878075946921644
2024-12-03,6806100,0.0274724900002387,41.23776982862907,53.17521304795226,0.5619301464561424,1.7868260611853524
2024-12-04,10385700,-0.0267379324192245,35.08066228791368,51.8441746800224,0.676157190012415,1.9913592447144195
2024-12-05,11486700,0.0109889960000955,39.12055415959912,50.92545491375751,0.3347155657602826,1.793690548173262
2024-12-06,13949000,0.0271739438396434,48.093164203941264,47.65830401863581,0.1446606226861543,1.7193808999956643
2024-12-09,4070600,-0.0158729939817974,43.79051609114975,44.71786747126773,0.0359087004005331,1.812879854467761
2024-12-10,7389800,-0.0161289429220777,39.83110557359692,42.852209353372686,0.1415180560779058,1.883355044238076
2024-12-11,9323100,-0.0109291489211761,37.33079573199741,41.882488829708265,0.2617116617087766,1.898296423638253
2024-12-12,3753700,0.0055249232561922,39.44264617185171,41.00974027955507,0.3589987872087978,1.8413115146844663
2024-12-13,5624300,-0.0054945661996133,38.019110291325,40.2242666276806,0.5234135663331684,1.8413115146844663
2024-12-16,8781300,0.0055249232561922,40.40880255370916,38.69525338543478,0.6274856686774571,1.8413115146844663
2024-12-17,12033100,-0.010989064199661,37.219880278823226,38.60031289039724,0.6028627321813664,1.592057830428269
2024-12-18,10731400,0.0055555482767248,39.85669748827742,38.51486659308689,0.6904019493212988,1.3870139248291846
2024-12-19,8794200,0.0,39.85669748827742,38.43796492550758,0.6682744267500408,1.3284833519428598
2024-12-20,7421300,0.0055249232561922,42.82159894295829,37.37159404957555,0.4913147564251492,0.922506631373656
2024-12-23,8661900,-0.010989064199661,38.59370350230016,36.41185997899962,0.5190987788605007,0.8620117490801891
2024-12-24,4640400,0.0,38.59370350230015,34.499852842073594,0.5269075978735251,0.7356915199845414
2024-12-26,6854800,0.0277778103409671,52.93561705316808,31.839408572255003,-0.0336132578631349,1.1132632950635124
2024-12-27,6741600,-0.0054053981520402,50.32373552204851,29.44500872941827,-0.2049028983486573,1.130983499120407
2024-12-30,3611700,-0.0054346403597413,47.70828785392832,27.290069607697937,-0.1917014483799936,1.1305938046772477
2024-12-31,6317800,0.0109288097867679,53.12244651386725,26.862443766879988,-0.205053836150053,1.1661488339404973
2025-01-02,2425600,0.0108107963040804,57.95898043141469,27.120955837025303,0.2754937790549415,1.104797189567571
2025-01-03,3629700,0.0106952393437398,62.28281221497403,28.45864761287884,0.7210760818307537,1.125240525773202
2025-01-06,6353700,-0.0264550556433171,48.44319172435785,27.579946364454173,0.6851936810409885,1.4913650815401052
2025-01-07,15509700,0.0,48.443191724357845,25.878594952726377,0.5756053273507541,1.4860317527142903
2025-01-08,8564800,-0.0163043932870929,41.59651443734447,23.833164042752067,0.2157578977992187,1.5428654967929636
2025-01-09,4726300,-0.0055248546798293,39.52742134409266,23.301643628955173,-0.2656187299687567,1.5553383066028874
2025-01-10,2168400,0.0,39.52742134409266,22.82327525653797,-0.2922815371572348,1.2176700406773944
2025-01-13,6314000,-0.0222221931068999,31.73263523704593,24.05549806454117,-0.1358743800539897,1.3666703311177129
2025-01-14,4618400,0.0,31.73263523704593,25.164498591744053,0.1309509585133428,1.3726731329094632
2025-01-15,8171100,-0.034090863410233,23.24421541204174,28.563597089718485,0.669957221913475,1.5610127425957017
2025-01-16,6496500,0.0058823447808271,26.86698274595796,31.84948544498446,0.8131622851358782,1.5005488223024572
2025-01-17,6971700,0.0116959628890482,33.809474004272744,33.86911742601862,0.831131351185949,1.5152579693395885
2025-01-20,9460200,-0.0173410873264113,29.190998432672448,35.977526928205904,0.853562683618027,1.421095320291296
2025-01-21,4627700,0.0294117969177871,43.48698774290434,36.897128998238834,0.7260086687965295,1.84221329422564
2025-01-22,5913900,-0.0114285552165612,39.90617015631652,36.77344451245655,0.6432199848181339,1.8147742977723265
2025-01-23,11029900,-0.0231214976002249,33.733483344301355,38.11334552709036,0.6343944860364332,1.910112413486736
2025-01-24,5786900,0.0,33.733483344301355,39.61303806437633,0.5754118406154313,1.910112413486736
2025-01-27,3342600,-0.0118343038813917,30.793310489862066,41.25104990788071,0.5750089125817412,1.839772808455594
2025-01-28,4433100,-0.0119760318819762,28.074487109323695,43.473752939621725,0.5522896135810541,1.8419890060554256
2025-01-31,4271400,0.0181817183361501,37.300899792747856,42.18395770448815,0.7119596979069203,1.7014189410573075
2025-02-03,3921800,-0.0178570465455434,32.6476222565615,41.721326961682095,0.8425522207604771,1.7585557591723908
2025-02-04,7243700,0.0181817183361501,40.8468842427361,40.577073954126966,0.7827593227391898,1.8309959287067612
2025-02-05,7341600,-0.0059522995932672,39.08466139743452,38.82380400281729,0.8471732376345505,1.764565162017425
2025-02-06,6340100,-0.0059880159409879,37.2967901869488,37.69308039728166,0.7669951925204251,1.3871379797837606
2025-02-07,4983300,0.0120481017822295,43.08254639934558,36.67543523703148,0.4045647976993111,1.466044415763028
2025-02-10,9437800,0.0,43.08254639934559,35.75955459280631,0.0684821750349302,1.2811639314434289
2025-02-12,7050700,-0.0178570465455434,36.79518423137705,36.33415998460684,-0.052691440731482,1.392707995833604
2025-02-13,10077800,-0.0424242602049778,26.694922629031776,38.151913425897696,0.4578459677111289,1.8770027099248112
2025-02-14,9482100,-0.0253164218860019,22.732913966347507,40.861189071702185,0.7659359804394156,1.9741103176342452
2025-02-17,11060000,-0.0324674879808031,18.847717229188092,44.02144617239984,0.8875435623922675,1.91366324797226
2025-02-18,13352000,0.0067113998914714,21.817040614043197,46.86567762022567,0.938046818469912,1.983183487558576
2025-02-19,21111600,-0.0666667383822956,15.511016921854536,50.47454764662107,0.9631837881011044,2.439124497474622
2025-02-20,26583800,0.0357143268775963,27.200971799175296,53.72253067037693,0.9217359480044766,2.963382631271062
2025-02-21,16923100,0.0206897124373424,33.34890966892954,55.95566633165747,0.8478572026961793,3.153738208667116
2025-02-24,6218400,0.0337836517498812,42.362761556192666,54.91559056908813,0.6931475402565858,3.395536142122029
2025-02-25,7224600,-0.0196077365595851,38.8592348936771,53.97951456511946,0.5553623021521231,3.395794031022501
2025-02-26,10410200,0.0266666291538761,45.53274984256809,52.53998181852647,0.1862694143765584,3.579106765036371
2025-02-27,5754400,0.0259739903846425,51.423946099124485,49.56539930486439,-0.3059162592439662,3.463569848411306
2025-03-03,20138700,0.021739191049457,36.118386076752095,50.5836042747397,-0.0182377698846496,5.315325947989682
2025-03-04,16368300,-0.0212766538074439,33.90071178341611,51.289700508764085,0.090866186992531,5.3254112382020535
2025-03-05,13304800,0.021739191049457,38.12216542141807,51.92518114972592,0.4533809081266286,4.944198559067094
2025-03-06,12711500,-0.0070922766229086,37.24125969458158,52.49711558260647,0.6781471995253373,4.802017140253541
2025-03-07,17335600,-0.0214285429308948,34.577934065036494,53.335671381322605,0.8245319327090475,4.761567115723465
2025-03-10,20758700,-0.0145985203063759,32.83834222528033,54.65843647086562,0.831748002672374,4.546488512387943
2025-03-11,15915600,-0.037037169843761,28.81191299626552,56.20988692371069,0.8578464769114168,4.61415613393945
2025-03-12,24208200,0.0230770853919091,34.19129480454398,56.951946977684415,0.7795188477203908,4.580982163305835
2025-03-13,17194800,0.0289633565901021,40.59567219479562,56.41187977104729,0.6558767785902219,4.610518828025343
2025-03-14,10100100,-0.0074073691123682,39.47246390409212,56.132511465216815,0.6221147168250569,2.3335196729612555
2025-03-17,8259500,0.0,39.47246390409213,54.5508333821925,0.504548871071112,2.1916534483836294
2025-03-19,17883800,0.0,39.47246390409212,54.28459925202968,0.4467880516730934,2.101385913477417
2025-03-20,8764800,0.007462647698426,41.68570175454062,52.30633585826108,0.1666021209360997,1.971350050460096
2025-03-21,14179600,0.0148148289235134,46.06809176936862,49.97885472916587,-0.3585983865217321,2.038989862696753
2025-03-24,6297800,0.0072992322355258,48.22953041416778,46.81458423535978,-0.6912538210301303,1.9115601116390093
2025-03-25,18357700,0.0434783033042491,59.14522444683836,42.86131181771256,-0.6197503689448436,2.202625672147242
2025-03-26,16927900,0.0,59.14522444683836,39.66074417768483,0.0857732617088913,1.5846697492015889
2025-03-27,9605100,0.0277778037591978,65.18664241173457,37.14633755301074,0.7980582301363808,1.6283125280928643
2025-03-28,22143100,-0.047297298974297,50.62901261840673,34.38362127988786,0.7163011613095621,2.3733570464643567
2025-04-02,14768400,0.028368733354001,56.76007188356317,31.7724693783588,0.7570626661373309,2.4407210224477542
2025-04-03,9885700,0.0137932012864827,59.55072542151903,29.05897522114278,0.7917113541359979,2.428234383229941
2025-04-04,8047300,0.0,59.55072542151903,26.616830479648364,0.7983709332752564,2.428234383229941
2025-04-07,13255900,-0.0476191309138362,46.56511464252223,25.871298699366143,0.5068282336994833,3.0312112450919986
2025-04-08,15767400,-0.0142857280293555,43.55033293738983,25.200321390061557,0.0647152312405356,3.056091152627389
2025-04-09,11591700,-0.0144926790410165,40.62771262576537,26.36868926197527,-0.4219539154359359,3.084942159017993
2025-04-10,21333700,0.0441175967468965,51.48124456741653,24.06431984057289,-0.4717639686944613,3.0952389791951944
2025-04-11,9576100,0.0211267374883592,55.954431266664585,22.308734336879606,-0.4650280756777331,3.1736555914579454
2025-04-14,13620100,0.0689654997702708,67.16602642645968,22.280072483168272,0.0633550377333278,3.7690595569118415
2025-04-15,10438400,-0.0129032385476952,63.570136828233856,22.25427681482807,0.2022516884310311,3.3721141028499964
2025-04-16,7614900,0.006535994264849,64.6223784558813,22.23106071332189,0.5041667341131871,3.300590041575776
2025-04-17,17449300,0.0584415744465502,72.55077086606062,23.981659916449235,0.8180249395393154,3.688987558591507
2025-04-18,13576200,0.0184048876980416,74.65451427760172,26.07830783432098,0.8895192118583977,3.67395366599163
2025-04-21,4512800,0.0,74.65451427760173,28.447867901387987,0.8689203745895272,3.0608597403405104
2025-04-22,7436600,-0.0120482043240205,70.22478060797901,29.66725472769244,0.8223456530549744,3.035682573501444
2025-04-23,7067900,0.0365854013629589,75.14149795017218,31.473009822149333,0.8618491744638478,2.8560842153717427
2025-04-24,10036700,-0.0176471113597752,68.82741728401703,32.17976484623962,0.8338244472592189,3.0104787532613546
2025-04-25,4752800,-0.0119759864388486,64.79439691174984,32.81584436792087,0.7722651181170351,3.13632426457363
2025-04-28,7453700,-0.0060606487864751,62.75159377640495,33.388315937433994,0.6565300471056861,2.491443317221809
2025-04-29,8220000,-0.0060975295635363,60.62779668220729,33.336945366344814,0.4353774365530781,2.443098029178016
2025-04-30,9893400,0.0306747627509906,66.85912689252237,33.84994354722388,0.1573774947098082,2.55875603913206
2025-05-02,11590000,0.0,66.85912689252237,35.272889619027644,0.0453681485178889,1.882887127701628
2025-05-05,11455900,-0.0059523505844847,64.34465137027506,36.55354108365104,0.0861630225432007,1.820618314419724
2025-05-06,32533000,0.0419162458134638,72.41393578908085,39.3951238249928,0.326885720197075,2.2365071253504225
2025-05-07,13782900,0.0057471668791597,73.3705445441763,41.952548292200376,0.3752980111600169,2.155657134240637
2025-05-08,8508800,-0.0285714885436763,61.5189018262993,41.49551648038706,0.6843362234369649,2.137247940381392
2025-05-09,2827300,0.0,61.518901826299285,41.08418784975508,0.804863243498582,2.044316718690657
2025-05-13,10538600,-0.0176471113597752,54.94461660667288,39.199792628530574,0.6880717706391473,2.094545728075337
2025-05-14,10866700,-0.0119759864388486,50.91427190611476,36.17016504336614,0.3939196463132279,2.126075398471501
2025-05-15,9403700,0.0060605745783868,52.83626885521907,33.44350021671814,-0.0813519564158698,2.11693301645115
2025-05-16,9531900,-0.0301204739295242,43.3961353963948,30.50154765534979,-0.2269078273493626,2.075305442097383
2025-05-19,9248900,-0.0124223720577281,40.20364611431469,28.97216248394109,-0.1013198706484631,2.0854943742515943
2025-05-20,16166500,-0.0251572569208793,34.554637691106215,28.567706136343844,0.3461694708529759,2.178555008670681
2025-05-21,21184000,0.012903317543407,39.29348015106792,28.79125983410741,0.661792758895172,1.5556577719654652
2025-05-22,13569500,0.0,39.29348015106792,29.54606903541812,0.728311033952381,1.5001582255740402
2025-05-23,8800200,0.03184712332626,50.38222685411281,28.16732718226906,0.5829366229258934,1.870952739423573
2025-05-26,11517800,-0.012345690209725,46.59916634753184,26.926459514434907,0.5041144689915793,1.8775714787055569
2025-05-27,9592400,-0.0125000114790635,43.01076824123015,26.184689458936624,0.4539471506069209,1.8485781769176064
2025-05-28,12051800,0.0063290810619123,45.34878246688808,24.44128697599808,0.3125202747257097,1.866451919008279
2025-05-29,7103000,0.0062893527344178,47.73141935860891,22.87222474135339,-0.1731758782153638,1.867773082680672
2025-05-30,18592800,-0.0125000114790635,43.5155484057072,20.79765250775328,-0.4019952368733775,1.660536955218816
2025-06-03,10695700,0.0063290810619123,46.15754729756872,19.526688719220424,-0.5673987913972326,1.6323353336049764
