Date,close,high,low,volume
2023-01-03,1.8432260751724243,1.8616583183457749,1.8247938319990737,1624100
2023-01-04,1.834010124206543,1.88009073642687,1.834010124206543,1706800
2023-01-05,1.834010124206543,1.8432262466506084,1.8247940017624777,1391300
2023-01-06,1.880090594291687,1.880090594291687,1.8340099855550622,3364000
2023-01-09,1.8985228538513184,1.8985228538513184,1.880090610200698,3771500
2023-01-10,1.880090594291687,1.898522837786337,1.8616583507970372,6016600
2023-01-11,1.8155778646469116,1.8985229659732292,1.8063617422773208,9782000
2023-01-12,1.8155778646469116,1.8247939870165026,1.8063617422773208,7753900
2023-01-13,1.8063620328903198,1.8247942805949375,1.8063620328903198,5168400
2023-01-16,1.8063620328903198,1.8247942805949375,1.778713551468531,4176000
2023-01-17,1.8155778646469116,1.8155778646469116,1.79714561990773,4281900
2023-01-18,1.8063620328903198,1.8247942805949375,1.797145909038011,4474500
2023-01-19,1.8063620328903198,1.8155781567426288,1.797145909038011,4981000
2023-01-20,1.8063620328903198,1.8155781567426288,1.797145909038011,3382000
2023-01-25,1.8247939348220825,1.8247939348220825,1.7971455685041338,1850400
2023-01-26,1.7971458435058594,1.8247942140545999,1.7971458435058594,4628300
2023-01-27,1.8247939348220825,1.8247939348220825,1.7971455685041338,2952600
2023-01-30,1.8063620328903198,1.8247942805949375,1.8063620328903198,8476700
2023-01-31,1.7510651350021362,1.8155781101785995,1.6865522696905326,15168300
2023-02-02,1.704984426498413,1.7602811652614057,1.704984426498413,8523200
2023-02-03,1.7510651350021362,1.769497382234023,1.7142006405383627,9219400
2023-02-07,1.6865520477294922,1.7694971493568765,1.6589035706555189,11662300
2023-02-08,1.704984426498413,1.723416672752744,1.677336057116917,5665300
2023-02-09,1.714200496673584,1.732632742358539,1.6773360053036737,6074700
2023-02-10,1.6773359775543213,1.723416591004365,1.658903622309455,4602400
2023-02-13,1.6312552690505981,1.695768238331261,1.612823023503223,4697600
2023-02-14,1.6128228902816772,1.6773358542334742,1.575958402231988,8820100
2023-02-15,1.714200496673584,1.714200496673584,1.6312552812264354,12518500
2023-02-16,1.66812002658844,1.7326330061735398,1.6589039023426926,10039000
2023-02-17,1.66812002658844,1.686552384944802,1.6589039023426926,5678900
2023-02-20,1.65890371799469,1.6773360743027306,1.6496875947730971,7214500
2023-02-21,1.6128228902816772,1.658903500343789,1.5943906462568327,8405400
2023-02-22,1.5575261116027832,1.603606720286069,1.5483098800012887,22135300
2023-02-23,1.5483100414276123,1.5759585193850427,1.5206616733350307,11225200
2023-02-24,1.529877781867981,1.5759585047938214,1.4930132914191867,12859600
2023-02-27,1.52066171169281,1.5390939575528069,1.5114455887628115,20182200
2023-02-28,1.566742181777954,1.566742181777954,1.5206614647463474,11562900
2023-03-01,1.52066171169281,1.5575263132776553,1.4930133429028147,13272100
2023-03-02,1.5262112617492676,1.5447107748194968,1.4984619921439235,6545200
2023-03-03,1.5354613065719604,1.5539608231155309,1.5077120317566046,7129900
2023-03-06,1.5447111129760742,1.581710257481904,1.5262115958560694,4265300
2023-03-07,1.572460412979126,1.5817101710335832,1.5447110285499406,5345300
2023-03-08,1.5632106065750122,1.572460364343377,1.5262114652357424,6899600
2023-03-09,1.5354613065719604,1.5724604499249177,1.5262115483001752,3162200
2023-03-10,1.572460412979126,1.5817101710335832,1.526211512441026,4630600
2023-03-13,1.5354613065719604,1.5724604499249177,1.5354613065719604,5665100
2023-03-14,1.5354613065719604,1.5539608231155309,1.4984622734848194,6281300
2023-03-15,1.5632106065750122,1.572460364343377,1.5354612230041071,3429600
2023-03-16,1.5262112617492676,1.5632103981555219,1.5169615052141527,2888000
2023-03-17,1.5262112617492676,1.5539605313546117,1.5169615052141527,7030300
2023-03-20,1.4799628257751465,1.5262116192851298,1.4799628257751465,4971600
2023-03-21,1.4892123937606812,1.5077119087955282,1.452213363690987,6617500
2023-03-22,1.5169618129730225,1.5262115713847137,1.4892125377379481,2926800
2023-03-23,1.5262112617492676,1.5354610182843822,1.5077117486790381,3470300
2023-03-24,1.5354613065719604,1.5354613065719604,1.51696179002839,4797400
2023-03-27,1.5262112617492676,1.5447107748194968,1.5169615052141527,4527200
2023-03-28,1.5262112617492676,1.5262112617492676,1.5077117486790381,5341600
2023-03-29,1.5262112617492676,1.5262112617492676,1.4984619921439235,4462000
2023-03-30,1.41521418094635,1.5262113780950328,1.4059644237061102,20950500
2023-03-31,1.4337137937545776,1.4892124512680605,1.405964520130742,16846500
2023-04-03,1.5262112617492676,1.5447107748194968,1.45221320946835,15483000
2023-04-04,1.5169618129730225,1.5262115713847137,1.4984622961496397,16281900
2023-04-05,1.5077121257781982,1.5169618846268025,1.4892126080809898,3933200
2023-04-06,1.4984623193740845,1.5169618364841884,1.4799628022639804,5444800
2023-04-07,1.4707129001617432,1.507711930770705,1.4522133848572625,5459100
2023-04-10,1.5077121257781982,1.5077121257781982,1.4799628492323855,4638200
2023-04-11,1.5262112617492676,1.5354610182843822,1.4984619921439235,11399900
2023-04-12,1.5262112617492676,1.5262112617492676,1.4984619921439235,4927300
2023-04-13,1.5077121257781982,1.5169618846268025,1.4892126080809898,2997700
2023-04-14,1.4984623193740845,1.5262115950392405,1.4892125608190323,4672000
2023-04-17,1.5077121257781982,1.5169618846268025,1.4892126080809898,2606500
2023-04-18,1.5077121257781982,1.5077121257781982,1.4892126080809898,3080900
2023-04-19,1.4984623193740845,1.5262115950392405,1.4892125608190323,8649800
2023-04-20,1.4892123937606812,1.5169616663129517,1.4892123937606812,5703800
2023-04-25,1.4707129001617432,1.489212415466224,1.4614631425095028,3008400
2023-04-26,1.4337137937545776,1.4799626933934484,1.4337137937545776,2743700
2023-04-27,1.4522135257720947,1.4614632843218809,1.4337138984067026,1167100
2023-04-28,1.461463212966919,1.4799627291632649,1.4429635865047588,3872900
2023-05-02,1.4984623193740845,1.5077120779291364,1.4614632851538762,4152100
2023-05-03,1.4707129001617432,1.4984621731184644,1.442963516939213,5880200
2023-05-05,1.4522135257720947,1.4707130428716673,1.4429636569564888,1866300
2023-05-08,1.4707129001617432,1.4984621731184644,1.4614631425095028,7570000
2023-05-09,1.4707129001617432,1.4799626578139837,1.4522133848572625,5668100
2023-05-10,1.4707129001617432,1.507711930770705,1.4522133848572625,9596100
2023-05-11,1.4707129001617432,1.489212415466224,1.4522133848572625,16561600
2023-05-12,1.4799628257751465,1.55396089539112,1.4522135496691566,30140800
2023-05-15,1.4707129001617432,1.4984621731184644,1.4614631425095028,8838300
2023-05-16,1.461463212966919,1.489212487261438,1.4429635865047588,9127700
2023-05-17,1.4429636001586914,1.4707129849816012,1.424464083787295,10820600
2023-05-18,1.4707129001617432,1.4707129001617432,1.424464001634732,13392200
2023-05-19,1.4799628257751465,1.4799628257751465,1.4522135496691566,7873100
2023-05-22,1.4707129001617432,1.5262114460751857,1.4614631425095028,13364000
2023-05-23,1.4799628257751465,1.489212584477143,1.4614633083711532,7642300
2023-05-24,1.4799628257751465,1.5077121018811366,1.4707130670731499,8822400
2023-05-25,1.4984623193740845,1.5077120779291364,1.4707130437089284,13369700
2023-05-26,1.4799628257751465,1.5354613779871265,1.4707130670731499,15501100
2023-05-29,1.4892123937606812,1.5262114238303752,1.4799626362432576,11967700
2023-05-30,1.5077121257781982,1.5169618846268025,1.4799628492323855,14303200
2023-05-31,1.4522135257720947,1.5169618356205983,1.4337138984067026,97905800
2023-06-01,1.4392139911651611,1.5042108027591152,1.4392139911651611,8955500
2023-06-02,1.4763550758361816,1.485640318835436,1.4484992361495914,6240200
2023-06-06,1.4484992027282715,1.5042107701271878,1.4020729888031955,6641000
2023-06-07,1.4299286603927612,1.467069740747216,1.4206434179763527,5937100
2023-06-08,1.457784652709961,1.457784652709961,1.4206435684222714,4194700
2023-06-09,1.4392139911651611,1.4670698308133288,1.420643505192268,5752700
2023-06-12,1.4670698642730713,1.485640350669505,1.4392140239895903,2958900
2023-06-13,1.4763550758361816,1.4949255618346902,1.4484992361495914,3727100
2023-06-14,1.4763550758361816,1.4949255618346902,1.4577845898376733,2842100
2023-06-15,1.4670698642730713,1.4763551074712882,1.4392140239895903,6129000
2023-06-16,1.4299286603927612,1.467069740747216,1.4299286603927612,21150000
2023-06-19,1.4670698642730713,1.4670698642730713,1.4206435375931563,2530700
2023-06-20,1.4299286603927612,1.467069740747216,1.4206434179763527,3968600
2023-06-21,1.457784652709961,1.5134961131082465,1.4392140552216999,5292500
2023-06-22,1.457784652709961,1.4856403829091036,1.4484992986214142,3512400
2023-06-23,1.457784652709961,1.4763551395093895,1.4484992986214142,3841100
2023-06-26,1.4763550758361816,1.4949255618346902,1.4670698328369276,3678800
2023-06-27,1.457784652709961,1.4856403829091036,1.4299288118219857,7173500
2023-06-28,1.4670698642730713,1.485640350669505,1.4577846210748542,2796700
2023-06-30,1.4763550758361816,1.485640318835436,1.4577845898376733,8312400
2023-07-03,1.5042107105255127,1.5042107105255127,1.467069740857097,3878900
2023-07-04,1.4763550758361816,1.5042108048339444,1.4670698328369276,4323800
2023-07-05,1.4206434488296509,1.4763550152268572,1.4206434488296509,7127400
2023-07-06,1.4206434488296509,1.4484991766838424,1.4113582062115868,7292800
2023-07-07,1.411358118057251,1.4299286021334543,1.411358118057251,3025300
2023-07-10,1.3927878141403198,1.420643543857807,1.3835025709011575,3661600
2023-07-11,1.3835026025772095,1.3927878460289627,1.337076385318444,7456800
2023-07-12,1.3927878141403198,1.4020730573794822,1.3649320844228328,3838400
2023-07-13,1.37421715259552,1.402072878764366,1.3649319105392381,3150400
2023-07-14,1.37421715259552,1.3927876367080838,1.3556466684829562,12542400
2023-07-17,1.3649319410324097,1.3835024255598463,1.3556466987686915,6619700
2023-07-18,1.37421715259552,1.37421715259552,1.3556466684829562,3673200
2023-07-20,1.3463616371154785,1.3835026111527053,1.3370763936061718,8809300
2023-07-21,1.318505883216858,1.3463617262783667,1.3092206390926353,5774500
2023-07-24,1.3370764255523682,1.3649321567458335,1.3185058274012216,5692200
2023-07-25,1.3277909755706787,1.3556468154481833,1.3277909755706787,4907700
2023-07-26,1.3835026025772095,1.3927878460289627,1.3277910311778578,9649600
2023-07-27,1.3556468486785889,1.383502578550081,1.3463616053880914,6161300
2023-07-28,1.3927878141403198,1.4299287870969692,1.346361597944508,12311700
2023-07-31,1.3649319410324097,1.4020729100872826,1.3463614565049733,11765800
2023-08-01,1.3277909755706787,1.3742173015739674,1.3092204894448944,11729500
2023-08-02,1.3092206716537476,1.3277911603640522,1.2906501829434431,8408400
2023-08-03,1.3092206716537476,1.3277911603640522,1.2813649385882908,8648100
2023-08-04,1.2999355792999268,1.3185060701816769,1.2906503338590518,3869200
2023-08-07,1.272079586982727,1.3185058048442433,1.272079586982727,7302100
2023-08-08,1.2906501293182373,1.2999353732875971,1.2720796413795177,6581200
2023-08-09,1.3277909755706787,1.3277909755706787,1.2813647602562184,13352300
2023-08-10,1.4392139911651611,1.457784587826882,1.337076318314248,53599100
2023-08-11,1.4299286603927612,1.467069740747216,1.4113581755599443,15285400
2023-08-14,1.457784652709961,1.457784652709961,1.4113583250225572,7951600
2023-08-15,1.4484992027282715,1.467069798987127,1.429928717158241,6450100
2023-08-16,1.457784652709961,1.457784652709961,1.4392140552216999,4807600
2023-08-17,1.457784652709961,1.467069896109675,1.4206435684222714,9725700
2023-08-18,1.4484992027282715,1.457784556202112,1.4392139599432563,4764600
2023-08-21,1.4484992027282715,1.457784556202112,1.4392139599432563,3211600
2023-08-22,1.4392139911651611,1.457784587826882,1.4392139911651611,5432100
2023-08-23,1.4206434488296509,1.4484991766838424,1.4206434488296509,3718500
2023-08-24,1.4299286603927612,1.4577844983308075,1.4206434179763527,5937800
2023-08-25,1.4020730257034302,1.4392139978209797,1.4020730257034302,6551300
2023-08-28,1.411358118057251,1.4206433600953527,1.4020728760191494,3049000
2023-08-29,1.3908226490020752,1.4281601339338412,1.3534851640703092,8353700
2023-08-30,1.446828842163086,1.446828842163086,1.3721538740666044,30825600
2023-09-01,1.446828842163086,1.446828842163086,1.3908226160907249,11837100
2023-09-04,1.372153878211975,1.4468288465340546,1.372153878211975,7090400
2023-09-05,1.353485345840454,1.4001572082730915,1.353485345840454,10369400
2023-09-06,1.418825626373291,1.4374943670453915,1.3534850340209397,7188100
2023-09-07,1.4001569747924805,1.4374944585124467,1.4001569747924805,5636200
2023-09-08,1.418825626373291,1.4281599967093412,1.3908225153651403,4704700
2023-09-11,1.418825626373291,1.4374943670453915,1.3908225153651403,3748000
2023-09-12,1.418825626373291,1.4281599967093412,1.4001568857011906,2846900
2023-09-13,1.38148832321167,1.4094914378316261,1.3628195801316991,9279600
2023-09-14,1.3908226490020752,1.409491391467958,1.3814882777691335,4975100
2023-09-15,1.4281601905822754,1.4374945621854678,1.3908227041695058,11139600
2023-09-18,1.4094915390014648,1.4281602834214322,1.4001571667914812,4636800
2023-09-19,1.372153878211975,1.4094913623730148,1.372153878211975,4897600
2023-09-20,1.4001569747924805,1.4188257166524636,1.3721538620025058,6591200
2023-09-21,1.4094915390014648,1.4094915390014648,1.3908227945814975,3783200
2023-09-22,1.4001569747924805,1.409491345722472,1.3721538620025058,7042600
2023-09-25,1.38148832321167,1.4094914378316261,1.3721539516716845,5209900
2023-09-26,1.418825626373291,1.418825626373291,1.3814881450290901,5191900
2023-09-27,1.4094915390014648,1.4281602834214322,1.4001571667914812,13073100
2023-09-29,1.4094915390014648,1.4188259112114485,1.3814884223715138,7423700
2023-10-02,1.4001569747924805,1.4188257166524636,1.390822603862489,3987700
2023-10-03,1.418825626373291,1.4281599967093412,1.4001568857011906,5081400
2023-10-04,1.4094915390014648,1.4281602834214322,1.4001571667914812,4693500
2023-10-05,1.4374945163726807,1.4468288876783877,1.4001570311498526,8827700
2023-10-06,1.4281601905822754,1.4468289337886602,1.418825818979083,8026200
2023-10-09,1.446828842163086,1.446828842163086,1.3908226160907249,6404400
2023-10-10,1.446828842163086,1.446828842163086,1.4281601001389657,4054300
2023-10-11,1.4841665029525757,1.4935008743763762,1.4374945345590886,20150200
2023-10-12,1.5028353929519653,1.512169765289751,1.4841666482763936,7519500
2023-10-13,1.4748321771621704,1.5028352923000279,1.465497805449551,4303800
2023-10-16,1.418825626373291,1.484166330000114,1.3814881450290901,17714100
2023-10-17,1.4281601905822754,1.4374945621854678,1.4001570757726982,7886600
2023-10-18,1.4281601905822754,1.4374945621854678,1.418825818979083,5660000
2023-10-19,1.4281601905822754,1.4468289337886602,1.4094914473758906,7223000
2023-10-20,1.4374945163726807,1.4468288876783877,1.4188257737612666,4465500
2023-10-23,1.4094915390014648,1.4374946556314159,1.3908227945814975,5829700
2023-10-24,1.4001569747924805,1.4188257166524636,1.390822603862489,7621100
2023-10-25,1.418825626373291,1.4561631077174917,1.4094912560372408,6232900
2023-10-26,1.372153878211975,1.4281601044535348,1.372153878211975,5489800
2023-10-27,1.3908226490020752,1.4001570202350166,1.3534851640703092,5294500
2023-10-30,1.4094915390014648,1.4094915390014648,1.3908227945814975,2202800
2023-10-31,1.38148832321167,1.4188258093716115,1.3721539516716845,7707400
2023-11-01,1.4094915390014648,1.4281602834214322,1.3814884223715138,4150700
2023-11-02,1.4001569747924805,1.4188257166524636,1.390822603862489,3861600
2023-11-03,1.418825626373291,1.418825626373291,1.3908225153651403,3218400
2023-11-06,1.4281601905822754,1.4374945621854678,1.4094914473758906,4208600
2023-11-07,1.4748321771621704,1.4841665488747895,1.4188258356119674,9325300
2023-11-08,1.4654978513717651,1.4841665953819991,1.4374946240819224,5847200
2023-11-09,1.4841665029525757,1.4935008743763762,1.4654977601049748,5939600
2023-11-10,1.4561632871627808,1.4841665128962847,1.4468289156764413,3629600
2023-11-14,1.418825626373291,1.4654975893280138,1.4001568857011906,7297500
2023-11-15,1.512169599533081,1.5401727134768737,1.4281601464272202,22231400
2023-11-16,1.5028353929519653,1.521504137627537,1.4654979036008218,9109600
2023-11-17,1.4841665029525757,1.5028352458001766,1.4561632774066895,9044400
2023-11-20,1.5028353929519653,1.512169765289751,1.4748322759386077,5329400
2023-11-21,1.4654978513717651,1.5028353393922331,1.4374946240819224,13730600
2023-11-22,1.4841665029525757,1.4935008743763762,1.4468289059828892,7457800
2023-11-23,1.493500828742981,1.512169571020165,1.4748320864657969,7190200
2023-11-24,1.512169599533081,1.5215039708476787,1.4935008569038861,5553600
2023-11-27,1.493500828742981,1.512169571020165,1.4748320864657969,4811200
2023-11-28,1.4748321771621704,1.5028352923000279,1.4468289507498249,11027300
2023-11-29,1.446828842163086,1.4748320664737462,1.446828842163086,8228500
2023-11-30,1.4281601905822754,1.474832159872724,1.4281601905822754,42176200
2023-12-01,1.4561632871627808,1.4841665128962847,1.437494544190102,5564600
2023-12-04,1.4542866945266724,1.48243426480731,1.4542866945266724,2907400
2023-12-05,1.4449043273925781,1.4542868143095637,1.4261393535586069,2722700
2023-12-06,1.426139235496521,1.4542866939173071,1.426139235496521,2286300
2023-12-07,1.4449043273925781,1.4542868143095637,1.4261393535586069,4173000
2023-12-08,1.4449043273925781,1.4542868143095637,1.4261393535586069,2475900
2023-12-11,1.4355217218399048,1.454286694123084,1.4261392356983151,4763000
2023-12-12,1.4355217218399048,1.454286694123084,1.4261392356983151,3719500
2023-12-13,1.407374382019043,1.4449043297481694,1.3979918950867614,4533800
2023-12-14,1.3979918956756592,1.426139356484361,1.3792269218031912,16045100
2023-12-15,1.3979918956756592,1.4073743826118932,1.3792269218031912,13890700
2023-12-18,1.3510794639587402,1.4073743856996541,1.3510794639587402,12200100
2023-12-19,1.3886094093322754,1.397991896272515,1.3416968627830101,6476400
2023-12-20,1.3886094093322754,1.4167568701529945,1.3886094093322754,4035400
2023-12-21,1.379226803779602,1.3979917760463083,1.3604618315128958,4082400
2023-12-22,1.3698445558547974,1.3886095313846312,1.3510795803249633,4945100
2023-12-26,1.3698445558547974,1.3792270436197143,1.3604620680898802,2665600
2023-12-27,1.3698445558547974,1.3792270436197143,1.3510795803249633,8093000
2023-12-28,1.3698445558547974,1.3792270436197143,1.3604620680898802,3237600
2023-12-29,1.360461950302124,1.3698444372547125,1.3510794633495355,3327200
2024-01-02,1.360461950302124,1.3698444372547125,1.34169686454888,6136900
2024-01-03,1.3698445558547974,1.3792270436197143,1.3604620680898802,5423200
2024-01-04,1.3510794639587402,1.3698444378723782,1.3510794639587402,5112700
2024-01-05,1.3979918956756592,1.4073743826118932,1.3510794609944894,9663400
2024-01-08,1.379226803779602,1.3979917760463083,1.369844317646249,5394600
2024-01-09,1.3698445558547974,1.3886095313846312,1.3698445558547974,5964500
2024-01-10,1.3698445558547974,1.3792270436197143,1.3604620680898802,4597000
2024-01-11,1.3698445558547974,1.3792270436197143,1.3604620680898802,4535200
2024-01-12,1.379226803779602,1.3886092899129552,1.369844317646249,1561000
2024-01-15,1.379226803779602,1.379226803779602,1.379226803779602,0
2024-01-16,1.360461950302124,1.360461950302124,1.3510794633495355,4050300
2024-01-17,1.3510794639587402,1.360461950915559,1.3416968651538541,7896900
2024-01-18,1.3510794639587402,1.360461950915559,1.3416968651538541,6276700
2024-01-19,1.3698445558547974,1.3792270436197143,1.3416969807119696,7389400
2024-01-22,1.341696858406067,1.3792269178926602,1.3323143714964352,15907700
2024-01-23,1.3698445558547974,1.3698445558547974,1.3323144929470527,15142700
2024-01-24,1.341696858406067,1.3698444309830284,1.3323143714964352,8191800
2024-01-26,1.3135493993759155,1.3416968601412123,1.30416691245415,19091300
2024-01-29,1.341696858406067,1.351079457163765,1.3135493976771717,6247400
2024-01-30,1.3323144912719727,1.3510795786262906,1.3323144912719727,3094900
2024-01-31,1.2947845458984375,1.3416969848683502,1.285402058104455,9778500
2024-02-02,1.3323144912719727,1.3416969790250934,1.2854020525063696,8528000
2024-02-05,1.341696858406067,1.351079457163765,1.3229318845868034,3324500
2024-02-06,1.3135493993759155,1.3416968601412123,1.30416691245415,2597900
2024-02-07,1.341696858406067,1.341696858406067,1.3135493976771717,2248700
2024-02-08,1.3510794639587402,1.360461950915559,1.332314378197035,4241100
2024-02-09,1.3229318857192993,1.3510794583203567,1.3229318857192993,1517600
2024-02-13,1.360461950302124,1.360461950302124,1.3135494036911148,8076100
2024-02-14,1.3698445558547974,1.3698445558547974,1.3416969807119696,6412500
2024-02-15,1.360461950302124,1.3792269242073008,1.34169686454888,6548900
2024-02-16,1.4167569875717163,1.4261394752895626,1.3510795735467915,13249000
2024-02-19,1.4542866945266724,1.463669180670866,1.3979917776615118,14247300
2024-02-20,1.4636691808700562,1.4636691808700562,1.4261392362881748,11400500
2024-02-21,1.4449043273925781,1.4636693012265491,1.4167568666416215,12956100
2024-02-22,1.426139235496521,1.444904207777045,1.416756749356259,6311800
2024-02-23,1.4355217218399048,1.4355217218399048,1.3792268049903669,8923900
2024-02-26,1.4730517864227295,1.4730517864227295,1.4449042159938184,24525000
2024-02-27,1.5011991262435913,1.5011991262435913,1.4542865871386998,16579700
2024-02-28,1.4730517864227295,1.5105817311972,1.4636691883810538,16595900
2024-02-29,1.4636691808700562,1.5011992372999947,1.4449042085791155,16586000
2024-03-01,1.4730517864227295,1.482434272616347,1.4449042159938184,7797200
2024-03-04,1.4542866945266724,1.4918167509515037,1.4542866945266724,12891100
2024-03-05,1.4449043273925781,1.4636693012265491,1.4073743797246359,7268500
2024-03-06,1.4167569875717163,1.4542869384431016,1.4073744998538698,7353100
2024-03-07,1.407374382019043,1.4449043297481694,1.3979918950867614,13793600
2024-03-08,1.4168198108673096,1.4262652672651939,1.3884834416736567,8054800
2024-03-11,1.4168198108673096,1.4357107236630782,1.397928898071541,7744100
2024-03-12,1.3979289531707764,1.4168198667111285,1.3884834964006003,11874300
2024-03-13,1.3979289531707764,1.4073744099409524,1.3695925828602482,12457500
2024-03-14,1.407374382019043,1.4168198386018238,1.3695925556879194,11044800
2024-03-15,1.3884834051132202,1.4073743174115683,1.369592492814872,73295100
2024-03-18,1.407374382019043,1.4357107517673855,1.388483468853481,14055400
2024-03-19,1.407374382019043,1.4168198386018238,1.3979289254362621,14946100
2024-03-20,1.407374382019043,1.4168198386018238,1.388483468853481,6853600
2024-03-21,1.3979289531707764,1.4262653234813045,1.3979289531707764,14451100
2024-03-22,1.407374382019043,1.4168198386018238,1.388483468853481,9990700
2024-03-25,1.3979289531707764,1.4168198667111285,1.3884834964006003,7074200
2024-03-26,1.3979289531707764,1.4073744099409524,1.3884834964006003,11072800
2024-03-27,1.4168198108673096,1.4168198108673096,1.3790379852757724,13226900
2024-03-29,1.407374382019043,1.4168198386018238,1.3979289254362621,5935100
2024-04-01,1.407374382019043,1.4168198386018238,1.3979289254362621,3548500
2024-04-02,1.4262653589248657,1.4451562729346685,1.3979289879101615,6804500
2024-04-03,1.3979289531707764,1.4357107802514806,1.3884834964006003,10935900
2024-04-04,1.3979289531707764,1.4168198667111285,1.3979289531707764,9091400
2024-04-05,1.4262653589248657,1.4262653589248657,1.38848353090526,6318900
2024-04-08,1.4168198108673096,1.4357107236630782,1.4168198108673096,5350800
2024-04-09,1.4168198108673096,1.4546016364588468,1.4073743544694253,10084600
2024-04-12,1.407374382019043,1.4357107517673855,1.407374382019043,10652700
2024-04-15,1.3979289531707764,1.4168198667111285,1.3979289531707764,9678300
2024-04-16,1.407374382019043,1.4262652951846047,1.3695925556879194,17582900
2024-04-17,1.4168198108673096,1.4451561800609625,1.4073743544694253,6603700
2024-04-18,1.407374382019043,1.4262652951846047,1.3979289254362621,11553200
2024-04-19,1.3790380954742432,1.4073744669322459,1.3790380954742432,12757400
2024-04-22,1.407374382019043,1.407374382019043,1.3695925556879194,7671300
2024-04-23,1.4168198108673096,1.4262652672651939,1.397928898071541,13552400
2024-04-24,1.4357106685638428,1.4451561245992324,1.4168197564930634,6506700
2024-04-25,1.4357106685638428,1.454601580634622,1.426265212528453,7291600
2024-04-26,1.4546016454696655,1.4640471019260615,1.4357107325568734,5794200
2024-04-29,1.4829380512237549,1.5018289631656712,1.4546015707121633,12359000
2024-04-30,1.4734925031661987,1.5018289840722554,1.4734925031661987,10381900
2024-05-02,1.567947268486023,1.605729207704088,1.4640471326841138,28364500
2024-05-03,1.5868381261825562,1.5868381261825562,1.5490563008873375,19116300
2024-05-06,1.6057292222976685,1.6340655925197067,1.577392739476904,25216800
2024-05-07,1.6718473434448242,1.7001837123780907,1.6057291492672021,45019000
2024-05-08,1.6812927722930908,1.7001836846066978,1.6529564038226803,15593600
2024-05-09,1.690738320350647,1.700183777020862,1.652956493669787,11711900
2024-05-10,1.700183629989624,1.7096290858429994,1.671847262429497,17477200
2024-05-13,1.6718473434448242,1.7096291686891796,1.6624018871337354,15428700
2024-05-14,1.6718473434448242,1.690738256067002,1.6624018871337354,21792900
2024-05-15,1.690738320350647,1.690738320350647,1.6624019503400018,16375300
2024-05-16,1.7096291780471802,1.7190747470086922,1.6812928089588086,21252000
2024-05-17,1.7568565607070923,1.7757474733062997,1.7096291666103531,18598800
2024-05-20,1.7285202741622925,1.775747557910418,1.7190748174126673,8363500
2024-05-21,1.7285202741622925,1.775747557910418,1.7096292480643158,9019400
2024-05-23,1.7474110126495361,1.7663019242567666,1.7285201010423057,14606200
2024-05-24,1.7096291780471802,1.7474111160970638,1.7001837216843896,8531400
2024-05-27,1.7285202741622925,1.7568566444111677,1.7096292480643158,7899800
2024-05-28,1.7096291780471802,1.7285202033714828,1.6907382653215992,8185600
2024-05-29,1.7285202741622925,1.7474111876615426,1.7096292480643158,6278800
2024-05-30,1.7285202741622925,1.7475149837875814,1.719022806132248,8514900
2024-05-31,1.7190227508544922,1.747514927593617,1.7000280418400067,20044200
2024-06-04,1.7190227508544922,1.738017573086374,1.6810333328255211,11878400
2024-06-05,1.709525465965271,1.7285202889706903,1.7000281110712618,7276700
2024-06-06,1.7950018644332886,1.7950018644332886,1.7095255528267301,12352400
2024-06-07,1.7950018644332886,1.8329912859395783,1.785504509056716,17480100
2024-06-10,1.832991123199463,1.832991123199463,1.785504350532662,12455100
2024-06-11,1.8234939575195312,1.851986137287852,1.8044992464855896,14600300
2024-06-12,1.8519859313964844,1.8804779947798405,1.8139964003346136,17539500
2024-06-13,1.8519859313964844,1.8614832858576031,1.8234937547957324,14712700
2024-06-14,1.8519859313964844,1.8614832858576031,1.8329911092568512,10035400
2024-06-18,1.8519859313964844,1.8804779947798405,1.8424885769353656,13863300
2024-06-19,1.8424887657165527,1.8519861211507693,1.8234939416307119,7185700
2024-06-20,1.8424887657165527,1.8424887657165527,1.8139965861964953,3114000
2024-06-21,1.8139965534210205,1.8519860876888958,1.8139965534210205,14023700
2024-06-24,1.8044990301132202,1.8329910932477302,1.7855043213568802,5161600
2024-06-25,1.8234939575195312,1.832991313036502,1.7950018909686187,9991400
2024-06-26,1.8234939575195312,1.8234939575195312,1.785504535451648,10149400
2024-06-27,1.8044990301132202,1.8234937388695602,1.7950016757350502,4794800
2024-06-28,1.8424887657165527,1.8424887657165527,1.7950018753280619,7436400
2024-07-01,1.7950018644332886,1.8424887545335573,1.7760071536801438,9813000
2024-07-02,1.8424887657165527,1.8424887657165527,1.7855045198938453,8652900
2024-07-03,1.8044990301132202,1.8329910932477302,1.7950016757350502,7684700
2024-07-04,1.8424887657165527,1.8424887657165527,1.7950018753280619,10667900
2024-07-05,1.8424887657165527,1.8519861211507693,1.8234939416307119,9182300
2024-07-09,1.8424887657165527,1.8519861211507693,1.8139965861964953,11285500
2024-07-10,1.832991123199463,1.8614833000169402,1.8234937686661028,7459200
2024-07-11,1.832991123199463,1.8519859454835799,1.8234937686661028,12632100
2024-07-12,1.8424887657165527,1.8614834765849861,1.8044992307622787,9344800
2024-07-15,1.8614834547042847,1.8614834547042847,1.832991275519137,7448500
2024-07-16,1.965954303741455,1.9849490138116292,1.842488688285324,21881300
2024-07-17,2.032435894012451,2.060927957415713,1.9564568318356286,11306400
2024-07-18,2.032435894012451,2.032435894012451,1.9469594773678747,8294300
2024-07-19,2.032435894012451,2.032435894012451,1.994446249706644,2654800
2024-07-22,1.9754517078399658,2.0419334211715574,1.9469596420270598,12532200
2024-07-23,1.9089699983596802,1.994446185831982,1.8994726441960912,6532300
2024-07-24,1.9279649257659912,1.9469596362515824,1.9089702152804,4122300
2024-07-25,1.9184675216674805,1.9279648766684163,1.889975456664673,10500100
2024-07-26,1.9469594955444336,1.9944462683265332,1.908970077318754,9174500
2024-07-29,1.984948992729187,1.984948992729187,1.9469595729923304,7600000
2024-07-30,1.9754517078399658,1.9849490631109346,1.9469596420270598,5592300
2024-07-31,1.9944462776184082,2.013440986819742,1.9564568592157408,11240400
2024-08-01,1.984948992729187,2.0039437025976152,1.9659542828607586,4447600
2024-08-02,1.9469594955444336,1.9849489137701133,1.908970077318754,6439200
2024-08-05,1.8614834547042847,1.9564570079300903,1.8044992095513954,14606800
2024-08-06,1.8899754285812378,1.9279648480204905,1.8044991216255184,6810800
2024-08-07,1.9564568996429443,1.9754516092367749,1.8804780612676222,3643300
2024-08-08,1.9564568996429443,1.9944463188306056,1.9184674804552833,7866900
2024-08-09,1.984948992729187,1.9944463476634011,1.9564569279265445,6806800
2024-08-12,2.041933298110962,2.0514306528095565,1.9754515887860042,10900400
2024-08-13,1.9944462776184082,2.0704253408585385,1.9944462776184082,9464300
2024-08-14,1.9944462776184082,2.0419332770565375,1.9659542138164074,15853900
2024-08-15,1.984948992729187,2.0039437025976152,1.975451637794973,9809700
2024-08-16,2.003943681716919,2.0134410365521727,1.9374621978701434,11669700
2024-08-19,1.9944462776184082,2.0229385678552037,1.9754515684170744,18680800
2024-08-20,2.041933298110962,2.0609280075081506,1.9849489434845986,15739200
2024-08-21,1.9564568996429443,2.051430674046897,1.9564568996429443,6854700
2024-08-22,1.9754517078399658,1.994446418381903,1.9279649314851226,5475800
2024-08-23,1.9754517078399658,1.9849490631109346,1.9564569972980286,3273500
2024-08-26,1.984948992729187,2.022938638900847,1.9659542828607586,7792300
2024-08-27,1.984948992729187,2.01344105753183,1.9564569279265445,8707500
2024-08-28,1.9754517078399658,1.9849490631109346,1.9279649314851226,6369400
2024-08-29,1.939152479171753,2.0060197432124998,1.9296000128802175,7059600
2024-08-30,1.9678095579147339,1.9678095579147339,1.9104947694897356,10805500
2024-09-02,1.9869147539138794,1.996467219932744,1.948704889838421,5600400
2024-09-03,1.9773623943328857,1.9964673273989992,1.9678099277998289,4053800
2024-09-04,1.9582573175430298,1.9773622492069618,1.948704851711064,5066400
2024-09-05,1.9487048387527466,1.986914701826526,1.929599907215857,8130000
2024-09-06,1.9582573175430298,1.9582573175430298,1.9200474542151658,6986600
2024-09-09,1.9009424448013306,1.9582572374489104,1.881837513918804,15957800
2024-09-10,1.9104948043823242,1.9391521991182117,1.9009423394703617,3736100
2024-09-11,1.8913899660110474,1.9104948967587356,1.8913899660110474,4890200
2024-09-12,1.8913899660110474,1.9200473621325798,1.8913899660110474,5845700
2024-09-13,1.872285008430481,1.9009424041413063,1.872285008430481,4513100
2024-09-17,1.872285008430481,1.9104948693782482,1.8531800779565974,5442200
2024-09-18,1.8818374872207642,1.8818374872207642,1.8531800913035428,4314100
2024-09-19,1.9200472831726074,1.9295997481536162,1.8722849582675634,12709200
2024-09-20,1.9200472831726074,1.9295997481536162,1.9104948181915986,28841000
2024-09-23,1.9009424448013306,1.9295998411251205,1.8913899793600673,6349500
2024-09-24,1.9869147539138794,2.0060196859516086,1.8913900937252333,13971000
2024-09-25,2.0728869438171387,2.0824394087668097,1.9773620665717009,26955000
2024-09-26,2.0537819862365723,2.1015443103411777,2.0060194343832407,16636700
2024-09-27,2.0060195922851562,2.0537821478980716,1.9869146611394874,10358100
2024-09-30,2.0251247882843018,2.0537824164995016,1.9869149209957335,17167900
2024-10-01,1.9869147539138794,2.025124617989338,1.9678098218761502,18419000
2024-10-02,1.9582573175430298,1.9773622492069618,1.9295999200471319,18455700
2024-10-03,1.9678095579147339,1.9869144873897333,1.9391521637022349,8851000
2024-10-04,1.9487048387527466,1.9773622360580814,1.9391523729843017,6761500
2024-10-07,1.9869147539138794,2.0155721519704732,1.920047491781827,16373500
2024-10-08,2.034677028656006,2.053781958035513,1.9582570833892547,14935400
2024-10-09,2.0728869438171387,2.1206492685654927,2.034677084018455,26866200
2024-10-10,2.0728869438171387,2.1206492685654927,2.0537820139177967,10983000
2024-10-11,2.082439661026001,2.082439661026001,2.034677330491891,12150900
2024-10-14,2.0633344650268555,2.0824393947980435,2.0346770703700736,15343100
2024-10-15,2.0537819862365723,2.0728869158784144,2.015571899204162,21256900
2024-10-16,2.082439661026001,2.101544593239645,1.9964672383158466,16931700
2024-10-17,2.1015443801879883,2.1110968453263945,2.0728869847727696,15521100
2024-10-18,2.1110966205596924,2.1110966205596924,2.072886764074239,11223300
2024-10-21,2.082439661026001,2.1397544576669327,2.082439661026001,8871800
2024-10-22,2.082439661026001,2.111097059346467,2.053782262705535,12304400
2024-10-23,2.1110966205596924,2.1397540129237824,2.0824392281956023,22077000
2024-10-24,2.130201578140259,2.139754042393182,2.111096649634413,10697800
2024-10-25,2.130201578140259,2.130201578140259,2.1015441853814893,15522900
2024-10-28,2.139754056930542,2.139754056930542,2.101544199659254,3262600
2024-10-29,2.1015443801879883,2.1397542407416137,2.1015443801879883,14472400
2024-10-30,2.091991901397705,2.120649296625912,2.072886971245567,7626700
2024-11-01,2.130201578140259,2.149306506646105,2.044229399863951,6047000
2024-11-04,2.1493067741394043,2.158859239581185,2.120649377814061,8299700
2024-11-05,2.130201578140259,2.139754042393182,2.1015441853814893,5816100
2024-11-06,2.139754056930542,2.1493065212483637,2.111096663977076,5621300
2024-11-07,2.044229507446289,2.1493066197583706,2.044229507446289,13750000
2024-11-08,2.0633344650268555,2.0824393947980435,2.0442295352556674,6008300
2024-11-11,2.0251247882843018,2.0633348833216436,2.0155723214621597,8654600
2024-11-12,2.044229507446289,2.044229507446289,2.0060194206749893,4850600
2024-11-13,2.044229507446289,2.044229507446289,2.0060194206749893,6368500
2024-11-14,2.0060195922851562,2.0537821478980716,1.9869146611394874,5348100
2024-11-15,1.7385503053665161,1.9869145045624608,1.7289977266720922,73085400
2024-11-18,1.7481027841567993,1.7767601788460017,1.6907878809040309,20137100
2024-11-19,1.7672077417373657,1.7863126718305753,1.7289977676765809,17703700
2024-11-20,1.7767603397369385,1.7863128054983435,1.7385504766913185,11808600
2024-11-21,1.824522614479065,1.8340750799574077,1.7576553561306643,12313100
2024-11-22,1.7672077417373657,1.8149700669703894,1.7672077417373657,12539400
2024-11-25,1.7767603397369385,1.7958652712597483,1.7672078739755335,15500100
2024-11-26,1.7672077417373657,1.79586513687718,1.757655276690761,6121400
2024-11-27,1.7767603397369385,1.7863128054983435,1.7576554082141285,5542000
2024-11-28,1.7479479312896729,1.7863643315960709,1.7095314164933708,9892900
2024-11-29,1.7383437156677246,1.7671561303699335,1.719135515526188,12316500
2024-12-02,1.7479479312896729,1.7575520313662722,1.7191355165699704,6430100
2024-12-03,1.7959685325622559,1.7959685325622559,1.7479480294816783,6806100
2024-12-04,1.7479479312896729,1.80557253174927,1.7383437167231695,10385700
2024-12-05,1.7671561241149902,1.7767602241517644,1.7287396094779903,11486700
2024-12-06,1.8151768445968628,1.8151768445968628,1.7575522373826373,13949000
2024-12-09,1.7863643169403076,1.8151766169337231,1.7671561169446972,4070600
2024-12-10,1.757552146911621,1.7863644490356039,1.7479480462036268,7389800
2024-12-11,1.7383437156677246,1.7575520302991652,1.7287396155969563,9323100
2024-12-12,1.7479479312896729,1.7575520313662722,1.7287396166465698,3753700
2024-12-13,1.7383437156677246,1.747947930228397,1.7287396155969563,5624300
2024-12-16,1.7479479312896729,1.7575520313662722,1.7383437167231695,8781300
2024-12-17,1.7287397384643555,1.7575521552143605,1.7095315369576267,12033100
2024-12-18,1.7383437156677246,1.747947930228397,1.7095314154554195,10731400
2024-12-19,1.7383437156677246,1.7383437156677246,1.7095314154554195,8794200
2024-12-20,1.7479479312896729,1.7479479312896729,1.7095314164933708,7421300
2024-12-23,1.7287397384643555,1.7479480544609962,1.7095315369576267,8661900
2024-12-24,1.7287397384643555,1.7575521552143605,1.7287397384643555,4640400
2024-12-26,1.7767603397369385,1.7863644403984968,1.7383438226007948,6854800
2024-12-27,1.7671561241149902,1.7767602241517644,1.757552024078216,6741600
2024-12-30,1.757552146911621,1.7767603483276095,1.757552146911621,3611700
2024-12-31,1.7767603397369385,1.795968541060055,1.7479480377522638,6317800
2025-01-02,1.7959685325622559,1.8055726331783715,1.7767603313300249,2425600
2025-01-03,1.8151768445968628,1.8247809457992337,1.78636454098975,3629700
2025-01-06,1.7671561241149902,1.8247807243356349,1.7671561241149902,6353700
2025-01-07,1.7671561241149902,1.7959684242253127,1.757552024078216,15509700
2025-01-08,1.7383437156677246,1.7767602304407017,1.7383437156677246,8564800
2025-01-09,1.7287397384643555,1.7479480544609962,1.7191356377109912,4726300
2025-01-10,1.7287397384643555,1.73834383921772,1.7191356377109912,2168400
2025-01-13,1.6903232336044312,1.7287396343031984,1.6903232336044312,6314000
2025-01-14,1.6903232336044312,1.7287396343031984,1.6903232336044312,4618400
2025-01-15,1.632698655128479,1.7095314575882337,1.6230945548210096,8171100
2025-01-16,1.6423027515411377,1.6711150523952158,1.6134903361971533,6496500
2025-01-17,1.6615110635757446,1.6807192654337442,1.6326987607887455,6971700
2025-01-20,1.632698655128479,1.6711150563583563,1.6230945548210096,9460200
2025-01-21,1.6807191371917725,1.6807191371917725,1.632698636210827,4627700
2025-01-22,1.6615110635757446,1.6903233663627437,1.6519069626467449,5913900
2025-01-23,1.6230945587158203,1.6807191606989136,1.6134903438953978,11029900
2025-01-24,1.6230945587158203,1.632698659046336,1.6038862435648824,5786900
2025-01-27,1.603886365890503,1.6326987835694293,1.5942822648274995,3342600
2025-01-28,1.584678053855896,1.603886254649679,1.565469853062113,4433100
2025-01-31,1.6134902238845825,1.6423026372229792,1.5846779250360843,4271400
2025-02-03,1.584678053855896,1.6134903550465705,1.565469853062113,3921800
2025-02-04,1.6134902238845825,1.6230944379906471,1.5846779250360843,7243700
2025-02-05,1.603886365890503,1.6326987835694293,1.5942822648274995,7341600
2025-02-06,1.5942820310592651,1.6134902303687901,1.5846779314045025,6340100
2025-02-07,1.6134902238845825,1.6134902238845825,1.5846779250360843,4983300
2025-02-10,1.6134902238845825,1.6134902238845825,1.5846779250360843,9437800
2025-02-12,1.584678053855896,1.6230945699333696,1.5558657526652215,7050700
2025-02-13,1.5174492597579956,1.5846779584904322,1.5174492597579956,10077800
2025-02-14,1.4790327548980713,1.536657468648463,1.469428655021323,9482100
2025-02-17,1.4310122728347778,1.4982409727857282,1.421408172841785,11060000
2025-02-18,1.4406163692474365,1.4598245691856846,1.4214081693091885,13352000
2025-02-19,1.34457528591156,1.450220502485384,1.3061588851537713,21111600
2025-02-20,1.3925960063934326,1.431012410049004,1.3445753873340545,26583800
2025-02-21,1.4214082956314087,1.4406164972767121,1.3829918923408018,16923100
2025-02-24,1.4694287776947021,1.488636979051771,1.4118041736234956,6218400
2025-02-25,1.4406163692474365,1.4886368690930567,1.4214081693091885,7224600
2025-02-26,1.4790327548980713,1.498240954651568,1.4214081556375808,10410200
2025-02-27,1.5174492597579956,1.5270533595769151,1.469428646173497,5754400
2025-02-28,1.3253670930862427,1.4982410119714458,1.3157629928420596,81371800
2025-03-03,1.3541795015335083,1.3829919190477733,1.3253671985091584,20138700
2025-03-04,1.3253670930862427,1.3637834940629754,1.3061588925978764,16368300
2025-03-05,1.3541795015335083,1.363783602541625,1.3253671985091584,13304800
2025-03-06,1.34457528591156,1.3637834862904543,1.3253670855326658,12711500
2025-03-07,1.315762996673584,1.373387598306487,1.3061588964014335,17335600
2025-03-10,1.2965549230575562,1.3349713279069921,1.267742619420479,20758700
2025-03-11,1.2485342025756836,1.2965548192839227,1.2389301021320174,15915600
2025-03-12,1.2773466110229492,1.3061589121876251,1.229325994591915,24208200
2025-03-13,1.314342975616455,1.3240788400531158,1.2851353823064728,17194800
2025-03-14,1.3046069145202637,1.3143427774893175,1.2753992095524609,10100100
2025-03-17,1.3046069145202637,1.333814503427425,1.2948710515512099,8259500
2025-03-19,1.3046069145202637,1.3046069145202637,1.2461916206452994,17883800
2025-03-20,1.314342975616455,1.3338147044897768,1.3046071111797943,8764800
2025-03-21,1.3338146209716797,1.3435504847987199,1.304607029490559,14179600
2025-03-24,1.343550443649292,1.3630221707070045,1.3240787165915795,6297800
2025-03-25,1.4019657373428345,1.421437464351377,1.3532863037608305,18357700
2025-03-26,1.4019657373428345,1.4311733278556482,1.3922297577779155,16927900
2025-03-27,1.4409092664718628,1.4409092664718628,1.3824939663405056,9605100
2025-03-28,1.372758150100708,1.44090931661551,1.372758150100708,22143100
2025-04-02,1.4117016792297363,1.4117016792297363,1.3338146508103572,14768400
2025-04-03,1.4311734437942505,1.440909308087219,1.382494006268751,9885700
2025-04-04,1.4311734437942505,1.440909308087219,1.4019658509153452,8047300
2025-04-07,1.3630222082138062,1.4019657794615044,1.3435504806202827,13255900
2025-04-08,1.343550443649292,1.4019657408830777,1.343550443649292,15767400
2025-04-09,1.3240786790847778,1.3338145423378491,1.2851352260724929,11591700
2025-04-10,1.3824939727783203,1.4117016810103364,1.3532863806069586,21333700
2025-04-11,1.4117016792297363,1.421437543274577,1.3435505148551978,9576100
2025-04-14,1.5090603828430176,1.518796247295373,1.4117017383194623,13620100
2025-04-15,1.4895886182785034,1.5187962109363589,1.4798527540592183,10438400
2025-04-16,1.4993243217468262,1.509060184922275,1.4895884585713774,7614900
2025-04-17,1.5869473218917847,1.5869473218917847,1.4895885669904387,17449300
2025-04-18,1.6161547899246216,1.6161547899246216,1.5772113373671215,13576200
2025-04-21,1.6161547899246216,1.6453624954033903,1.5966830636458715,4512800
2025-04-22,1.596683144569397,1.6161548718350183,1.5772114173037755,7436600
2025-04-23,1.6550984382629395,1.6550984382629395,1.6064190041607065,7067900
2025-04-24,1.625890851020813,1.6453626957309588,1.5869473937218366,10036700
2025-04-25,1.6064190864562988,1.6258908146704538,1.5869473582421438,4752800
2025-04-28,1.596683144569397,1.625890735467829,1.596683144569397,7453700
2025-04-29,1.5869473218917847,1.6161549135439928,1.5869473218917847,8220000
2025-04-30,1.6356265544891357,1.6356265544891357,1.5869472376528042,9893400
2025-05-02,1.6356265544891357,1.674570124018847,1.6161548277546032,11590000
2025-05-05,1.625890851020813,1.6550985600557029,1.616154986696069,11455900
2025-05-06,1.6940418481826782,1.752457028297631,1.674570121477694,32533000
2025-05-07,1.70377779006958,1.7232495176720997,1.6843060624670605,13782900
2025-05-08,1.6550984382629395,1.7037777563045233,1.6356265949856568,8508800
2025-05-09,1.6550984382629395,1.674570165479573,1.6453625746546225,2827300
2025-05-13,1.625890851020813,1.684306153029935,1.616154986696069,10538600
2025-05-14,1.6064190864562988,1.6453626589452637,1.5869473582421438,10866700
2025-05-15,1.6161547899246216,1.6161547899246216,1.5966830636458715,9403700
2025-05-16,1.5674755573272705,1.635626602915915,1.5674755573272705,9531900
2025-05-19,1.5480037927627563,1.5772113830264232,1.538267929341534,9248900
2025-05-20,1.5090603828430176,1.5577398211654543,1.5090603828430176,16166500
2025-05-21,1.5285322666168213,1.5674757254149922,1.4895886917579881,21184000
2025-05-22,1.5285322666168213,1.538268131316364,1.4701169623589025,13569500
2025-05-23,1.5772114992141724,1.5772114992141724,1.5285321785220227,8800200
2025-05-26,1.5577397346496582,1.577211462472923,1.5382680068263936,11517800
2025-05-27,1.538267970085144,1.55773969744333,1.528532106406051,9592400
2025-05-28,1.5480037927627563,1.5772113830264232,1.5187960864384427,12051800
2025-05-29,1.5577397346496582,1.5674755985612905,1.5187961629424762,7103000
2025-05-30,1.538267970085144,1.586947288480609,1.538267970085144,18592800
2025-06-03,1.5480037927627563,1.5577396561839787,1.5187960864384427,10695700
2025-06-04,1.5090603828430176,1.5480039567130988,1.4895886539383065,20410800
2025-06-05,1.5480037927627563,1.567475519605201,1.5090602230172203,8939500
2025-06-06,1.5813997983932495,1.5813997983932495,1.5322879335934736,4548600
2025-06-09,1.5813997983932495,1.601044497476503,1.5519327497683695,5918900
2025-06-10,1.6206892728805542,1.6206892728805542,1.5715775228596716,8369800
2025-06-11,1.6206892728805542,1.6305116228847307,1.6010445728722011,12174600
2025-06-12,1.610866904258728,1.6305116040400367,1.6010445543680736,9938700
2025-06-13,1.610866904258728,1.6206892541493825,1.5715775046961105,8472800
2025-06-16,1.5912222862243652,1.6206893374101592,1.5813999358291007,9107100
2025-06-17,1.610866904258728,1.6501563038213456,1.581399854586765,6655100
2025-06-18,1.6403340101242065,1.6403340101242065,1.6010446092156378,12332500
2025-06-19,1.610866904258728,1.6403339539306911,1.610866904258728,8404800
2025-06-20,1.6010445356369019,1.6206892351883806,1.5617551365339446,57689200
2025-06-23,1.5813997983932495,1.5912221479348763,1.542110400226743,5997800
2025-06-24,1.5813997983932495,1.6108668470181295,1.571577448851623,6210500
2025-06-25,1.6206892728805542,1.6206892728805542,1.5912222228680246,7277400
2025-06-26,1.6206892728805542,1.6403339728889073,1.5912222228680246,10999800
2025-06-30,1.610866904258728,1.6403339539306911,1.6010445543680736,8214800
2025-07-01,1.6403340101242065,1.6501563603513487,1.61086695944278,11879700
2025-07-02,1.669801115989685,1.669801115989685,1.6305115994461177,11529900
2025-07-03,1.6305115222930908,1.6698010369775451,1.6206891728948873,6234200
2025-07-04,1.669801115989685,1.6796234658526652,1.6206892495831375,14092500
2025-07-07,1.669801115989685,1.6894458157156453,1.6305115994461177,9360200
2025-07-08,1.6403340101242065,1.669801177897284,1.6403340101242065,3257300
2025-07-09,1.6403340101242065,1.6501563603513487,1.6305116598970644,6229900
2025-07-10,1.6403340101242065,1.659978827670142,1.6305116598970644,6007800
2025-07-11,1.6599787473678589,1.6698010971198403,1.6403339307722513,8386900
2025-07-14,1.6501562595367432,1.6698010758824986,1.6403339099096874,4852900
2025-07-15,1.610866904258728,1.6599787708036469,1.610866904258728,9287700
2025-07-16,1.5912222862243652,1.6108669870148946,1.5715775854338359,7252300
2025-07-17,1.6010445356369019,1.6108668854126413,1.5813998360854233,10846300
2025-07-18,1.5912222862243652,1.6206893374101592,1.5715775854338359,7448600
2025-07-21,1.5617550611495972,1.5912221090544705,1.5322878961530841,11106800
2025-07-22,1.5912222862243652,1.60104463661963,1.5617552350385713,5066000
2025-07-23,1.610866904258728,1.6403339539306911,1.5912222044774191,10440900
2025-07-24,1.6305115222930908,1.6305115222930908,1.610866823496684,3107800
2025-07-25,1.5912222862243652,1.6403340382006886,1.5813999358291007,4218700
2025-07-28,1.5912222862243652,1.6108669870148946,1.5813999358291007,7394300
2025-07-29,1.5912222862243652,1.6108669870148946,1.5813999358291007,4583900
2025-07-30,1.5912222862243652,1.5912222862243652,1.5617552350385713,3631500
2025-07-31,1.6206892728805542,1.6305116228847307,1.581399872863848,8152000
2025-08-01,1.5912222862243652,1.630511687805424,1.5912222862243652,2254400
2025-08-04,1.6010445356369019,1.6108668854126413,1.5813998360854233,2835900
2025-08-05,1.610866904258728,1.610866904258728,1.581399854586765,3643400
2025-08-06,1.6010445356369019,1.6206892351883806,1.5715774863096839,6622900
2025-08-07,1.5813997983932495,1.601044497476503,1.571577448851623,6450000
2025-08-08,1.571577548980713,1.5813998991481457,1.56175519881328,8365900
2025-08-11,1.571577548980713,1.5813998991481457,1.56175519881328,10066400
2025-08-12,1.5617550611495972,1.581399759752846,1.5617550611495972,3035800
2025-08-13,1.571577548980713,1.571577548980713,1.5421104984784142,17369200
2025-08-14,1.5126432180404663,1.6010444800442307,1.5126432180404663,32063700
2025-08-15,1.5322879552841187,1.5519327717371012,1.5126432559227803,26351700
2025-08-18,1.522465705871582,1.561755224273473,1.522465705871582,12844200
2025-08-19,1.522465705871582,1.5421105236183534,1.5028210052164626,22218800
2025-08-20,1.5126432180404663,1.5224655674751466,1.502820868605786,23628100
2025-08-21,1.5028209686279297,1.5224656688047682,1.4929986185395105,7517400
2025-08-22,1.5028209686279297,1.5126433187163488,1.4929986185395105,17931400
2025-08-25,1.5126432180404663,1.5126432180404663,1.4929985191711057,18374700
2025-08-26,1.5126432180404663,1.5224655674751466,1.4831761697364254,34520100
2025-08-27,1.5322879552841187,1.5421104220564321,1.5028209062421112,32639500
2025-08-28,1.4975759983062744,1.5372468480960697,1.4975759983062744,12765600
2025-08-29,1.467822790145874,1.5074936380216697,1.447987366207976,16059800
2025-09-02,1.4777405261993408,1.4777405261993408,1.4281519655463915,14662800
2025-09-03,1.5273290872573853,1.5273290872573853,1.4678228144580634,11610500
2025-09-04,1.5670000314712524,1.5670000314712524,1.5174113532902247,9365500
2025-09-08,1.5174113512039185,1.567000029316766,1.5174113512039185,8446400
2025-09-09,1.5570824146270752,1.5570824146270752,1.517411446012447,11194800
2025-09-10,1.537246823310852,1.557082366114397,1.5174113987357631,11172800
2025-09-11,1.5471645593643188,1.557082390032667,1.527329134484539,8264900
2025-09-12,1.537246823310852,1.5471645355983963,1.507493686448219,9590800
2025-09-17,1.5670000314712524,1.5670000314712524,1.5273290652807399,11056400
2025-09-18,1.6066709756851196,1.6265064008544425,1.5670001253464743,13087400
2025-09-19,1.5570824146270752,1.6066709776097852,1.5570824146270752,15612600
2025-09-22,1.586835503578186,1.586835503578186,1.5570823667042812,4198100
2025-09-23,1.5670000314712524,1.5868354554522823,1.5471644892617697,10161200
2025-09-24,1.5570824146270752,1.576917839820159,1.5471645838020731,11383100
2025-09-25,1.5769177675247192,1.5967531918084277,1.537246800728848,13278600
2025-09-26,1.6066709756851196,1.616588688269781,1.5670001253464743,17421600
2025-09-29,1.656259536743164,1.7058482178390846,1.6066709738757035,28019700
2025-09-30,1.6265063285827637,1.666177177158687,1.6165886164387828,10756900
2025-10-01,1.6165885925292969,1.6661771525157818,1.596753168534703,16276800
2025-10-02,1.6463418006896973,1.6760950562142953,1.596753238529464,13817200
2025-10-03,1.6661771535873413,1.6860126958231447,1.6364240175763154,11685900
2025-10-06,1.6760950088500977,1.6959304331536684,1.6463417541662868,23459100
2025-10-07,1.6760950088500977,1.6860127210018832,1.656259466318072,30778100
2025-10-08,1.6661771535873413,1.69593040782682,1.6463417295799907,22710500
2025-10-09,1.6860127449035645,1.6860127449035645,1.656259489797958,29528000
2025-10-10,1.6463418006896973,1.6959304810783886,1.6463418006896973,13187300
2025-10-13,1.656259536743164,1.6661772493166562,1.5967532613022113,6557600
2025-10-14,1.6959304809570312,1.7058481933883682,1.6562595130032254,18678500
2025-10-15,1.7157658338546753,1.7356012578853843,1.6661771555494496,33995600
2025-10-16,1.705848217010498,1.7356013547165223,1.705848217010498,12773200
2025-10-17,1.6860127449035645,1.7157658817807147,1.6661772020903414,16173000
2025-10-21,1.705848217010498,1.755436779853872,1.6860127918731485,23062400
2025-10-22,1.705848217010498,1.7256836421478476,1.6860127918731485,10698200
2025-10-23,1.6959304809570312,1.7058481933883682,1.6463418005718884,19972800
2025-10-24,1.6959304809570312,1.7058481933883682,1.6860127685256943,3698300
2025-10-27,1.656259536743164,1.7157659304125767,1.6364241115961797,17113400
2025-10-28,1.6364240646362305,1.6562594892140037,1.6265063523473438,8138600
2025-10-29,1.6165885925292969,1.6463417285211879,1.6066708805319998,7572000
2025-10-30,1.6066709756851196,1.6364241134391038,1.5769178379311357,17182500
2025-10-31,1.586835503578186,1.6165886404520908,1.5769177912868844,8374100
2025-11-03,1.6364240646362305,1.6364240646362305,1.5967532154806838,6674900
2025-11-04,1.6364240646362305,1.6562594892140037,1.616588640058457,7096600
2025-11-05,1.5769177675247192,1.636424040375844,1.5670000553828651,14270100
2025-11-06,1.586835503578186,1.6066709281607892,1.567000078995583,9310900
2025-11-07,1.6066709756851196,1.616588688269781,1.5769178379311357,15401200
2025-11-10,1.586835503578186,1.6265063527433923,1.5769177912868844,10845600
2025-11-11,1.586835503578186,1.6265063527433923,1.586835503578186,10608000
2025-11-12,1.586835503578186,1.6066709281607892,1.5769177912868844,14444000
2025-11-13,1.5769177675247192,1.5967531918084277,1.5471645128707023,13932900
2025-11-14,1.5273290872573853,1.5570823418855009,1.5074936629909446,23382400
2025-11-17,1.5074937343597412,1.5372468721679955,1.5074937343597412,5620500
2025-11-18,1.5174113512039185,1.5273290631807974,1.4975759272501605,8042600
2025-11-19,1.5074937343597412,1.527329159565244,1.5074937343597412,4823200
2025-11-20,1.5174113512039185,1.5471644871345556,1.5074936392270395,5978500
2025-11-21,1.5471645593643188,1.5670001024725568,1.5074937096047594,8569100
2025-11-24,1.6364240646362305,1.6364240646362305,1.5372468235189076,22093700
2025-11-25,1.5471645593643188,1.6066709522321163,1.5471645593643188,13622800
2025-11-26,1.5670000314712524,1.5868354554522823,1.5372467772712548,10955800
2025-11-27,1.5499999523162842,1.590000033378601,1.5499999523162842,8653900
2025-11-28,1.5099999904632568,1.5499999523162842,1.5,10020500
2025-12-01,1.6299999952316284,1.6299999952316284,1.5099999904632568,10751500
2025-12-02,1.5800000429153442,1.590000033378601,1.5499999523162842,9080300
2025-12-03,1.5299999713897705,1.5800000429153442,1.5199999809265137,7754000
2025-12-04,1.5099999904632568,1.5399999618530273,1.5099999904632568,6472300
2025-12-05,1.4700000286102295,1.5099999904632568,1.4600000381469727,16333900
2025-12-08,1.4700000286102295,1.4800000190734863,1.4500000476837158,5832100
2025-12-09,1.4600000381469727,1.4800000190734863,1.4500000476837158,5451800
2025-12-10,1.4600000381469727,1.4800000190734863,1.4500000476837158,5327200
2025-12-11,1.5,1.5,1.4500000476837158,6724700
2025-12-12,1.4900000095367432,1.5199999809265137,1.4900000095367432,7615800
2025-12-15,1.5,1.5099999904632568,1.4800000190734863,3961600
2025-12-16,1.4900000095367432,1.5099999904632568,1.4900000095367432,5594500
2025-12-17,1.4900000095367432,1.5099999904632568,1.4900000095367432,7281300
2025-12-18,1.5299999713897705,1.5399999618530273,1.4600000381469727,18903600
2025-12-19,1.5199999809265137,1.5399999618530273,1.5099999904632568,20949900
2025-12-22,1.5099999904632568,1.5199999809265137,1.4700000286102295,14332000
2025-12-23,1.5099999904632568,1.5399999618530273,1.4900000095367432,14965600
2025-12-24,1.5499999523162842,1.5700000524520874,1.5199999809265137,16217200
2025-12-26,1.5499999523162842,1.559999942779541,1.5399999618530273,7770600
2025-12-29,1.559999942779541,1.5800000429153442,1.5499999523162842,6391900
2025-12-30,1.5399999618530273,1.5700000524520874,1.5399999618530273,10417500
2025-12-31,1.5299999713897705,1.5700000524520874,1.5199999809265137,33363700
2026-01-02,1.5499999523162842,1.559999942779541,1.5099999904632568,6734100
