Date,close,volume,pct_change_1d,rsi,adx,corr,volatility,signal
2023-02-02,1.704984426498413,8523200,-0.02631561748672273,25.717408586534553,20.038162881940952,0.6622469463020726,1.5032807142903801,1
2023-02-03,1.7510647773742676,9219400,0.027026845617875495,39.158280296959916,23.303451727147117,0.7017741550788285,1.8068561587548544,0
2023-02-07,1.6865520477294922,11662300,-0.036842000637756334,30.557384285050208,27.484319850914705,0.8372571619256993,2.0946582962600635,1
2023-02-08,1.704984426498413,5665300,0.010929030499672532,35.08391883380516,31.247101162305533,0.8722491739345591,2.160629059321228,1
2023-02-09,1.714200496673584,6074700,0.005405369123575143,37.35255579615618,33.78733922630839,0.8378567470883173,2.1826991703945264,0
2023-02-10,1.6773360967636108,4602400,-0.021505302315282693,32.330875494805724,36.51682169616565,0.8341848624682064,2.1674384118671814,0
2023-02-13,1.631255269050598,4697600,-0.02747262626847713,27.243811537393427,39.83423562424518,0.8738167805876392,2.2451124446228423,0
2023-02-14,1.6128228902816772,8820100,-0.011299506042146579,25.46315349267842,43.31793805609813,0.9076030165102053,2.0693670722554884,1
2023-02-15,1.714200496673584,12518500,0.06285724675832283,46.73736399954317,43.75656303533216,0.6571172375430658,3.1505288706564256,0
2023-02-16,1.6681197881698608,10039000,-0.026881749592969406,40.848954691372924,42.98453424565103,0.5657514065677537,3.118592049490344,0
2023-02-17,1.6681197881698608,5678900,0.0,40.84895469137293,42.28970833493801,0.5557778485457276,3.0227630280398,0
2023-02-20,1.6589035987854004,7214500,-0.0055248966230248,39.61653813990831,41.96176749323377,0.39836677766068235,2.8483382427926283,0
2023-02-21,1.6128228902816772,8405400,-0.027777809715683333,33.92957691826929,43.10977554848022,0.516306562214262,2.748541755318696,0
2023-02-22,1.5575262308120728,22135300,-0.03428563657101058,28.478755116592048,44.979722693767435,0.5938203086700007,2.8435998484264555,0
2023-02-23,1.5483099222183228,11225200,-0.005917273437471948,27.65596703610519,47.07129266122914,0.626173248257368,2.803684565173916,0
2023-02-24,1.5298776626586914,12859600,-0.0119047609881765,25.987525551549428,49.316068579341184,0.7214883462778657,2.7753702028375016,0
2023-02-27,1.5206615924835205,20182200,-0.006024056955740376,25.14478340144563,51.33636690564204,0.868094605363945,2.6969807370244356,1
2023-02-28,1.5667425394058228,11562900,0.03030322272231767,36.57207707859088,51.188833068784,0.914110416109494,2.92865707441333,0
2023-03-01,1.5206615924835205,13272100,-0.02941194597280683,31.268322804455885,51.62834375652096,0.8983660721024765,1.9200052790984494,1
2023-03-02,1.5262113809585571,6545200,0.003649588115113067,32.57676896029316,52.023903375484224,0.8556043933137023,1.8951050740757303,1
2023-03-03,1.5354613065719604,7129900,0.006060710677962433,34.872814636301875,51.67945153267965,0.7652731136968681,1.9352482662876629,1
2023-03-06,1.544710993766785,4265300,0.006024044471348633,37.24719558035976,49.430692591046366,0.6053948573802832,1.9860068470412642,1
2023-03-07,1.5724605321884155,5345300,0.017964226663502503,44.04701748064738,47.406799045515385,-0.021944928439442665,1.9792006554320865,0
2023-03-08,1.5632107257843018,6899600,-0.005882377468158562,42.34749657779737,46.271997267023266,-0.3370940311810131,1.6457581564511339,0
2023-03-09,1.5354613065719604,3162200,-0.01775155374424564,37.52167789978258,45.25067690748946,-0.3993840367269554,1.7369425937275438,1
2023-03-10,1.5724605321884155,4630600,0.02409648843516532,46.54609079115454,43.56298035113362,-0.41199325672054754,1.848358936251932,0
2023-03-13,1.5354613065719604,5665100,-0.023529509872634247,40.10900907202713,42.04405345041336,-0.17798580482977774,2.0174579819653853,0
2023-03-14,1.5354613065719604,6281300,0.0,40.109009072027135,42.239156372850225,-0.6483357475850117,1.7393630267130107,1
2023-03-15,1.5632107257843018,3429600,0.01807236632637399,46.9075375813158,40.85858386304108,-0.521861899797347,1.5410211011122688,0
2023-03-16,1.5262113809585571,2888000,-0.02366881458491854,40.1546849310187,40.38330355095644,-0.3356749331688246,1.7532080453155587,0
2023-03-17,1.5262113809585571,7030300,0.0,40.15468493101871,39.955551270080264,-0.3108015353817264,1.740893350114503,0
2023-03-20,1.4799628257751465,4971600,-0.030302850417983196,32.8555348049336,40.90787588296773,0.1811136829844067,1.956096283611191,1
2023-03-21,1.4892125129699707,6617500,0.006249945629532627,35.462496222733414,42.51527944676848,0.5881043256413054,1.8409675893246127,1
2023-03-22,1.5169618129730225,2926800,0.01863353937827905,42.85791760386136,42.406134052985976,0.5509031693258979,1.9892004588762964,1
2023-03-23,1.5262113809585571,3470300,0.0060974296824301,45.184307861536524,41.5698791706626,0.46371907492785125,1.932448167379342,1
2023-03-24,1.5354613065719604,4797400,0.006060710677962433,47.55672260345139,40.81723562978833,0.26403197192721645,1.7539753775356919,0
2023-03-27,1.5262113809585571,4527200,-0.006024199746234249,45.37471091067059,39.32853408809127,0.17469493301642522,1.5983238230037378,0
2023-03-28,1.5262113809585571,5341600,0.0,45.37471091067059,38.455455390332865,0.09342824278697792,1.5983238230037378,0
2023-03-29,1.5262113809585571,4462000,0.0,45.374710910670586,38.12382081546703,-0.31375472648802444,1.4614521971597934,0
2023-03-30,1.4152143001556396,20950500,-0.07272720029987212,25.850848274989126,40.55587135955203,0.3428863828459199,2.6215769310692445,1
2023-03-31,1.4337137937545776,16846500,0.013071867346806432,31.323126405555918,42.74471726715215,0.5450435709167921,2.693088537928977,1
2023-04-03,1.5262113809585571,15483000,0.06451607538890225,51.29319877328435,40.853208153078604,0.5565361113843469,3.3316981862822828,0
2023-04-04,1.5169618129730225,16281900,-0.006060476354019406,49.68785550703855,39.150849950412415,0.6035519915919585,3.3434911072960296,0
2023-04-05,1.5077120065689087,3933200,-0.006097586850907888,48.01799262025922,37.97391860557997,0.583854745293809,3.300912298460823,0
2023-04-06,1.4984623193740845,5444800,-0.00613491645256159,46.28950992680234,37.27239521289922,0.5517244970775301,3.297990827781816,0
2023-04-07,1.4707130193710327,5459100,-0.01851851704528862,41.33030431619184,37.61478854523044,0.5238932533729505,3.3281638656251324,1
2023-04-10,1.5077120065689087,4638200,0.025157176628312516,49.36669596969022,37.92294254432854,0.3605589538450473,3.4488636198754246,1
2023-04-11,1.5262113809585571,11399900,0.01226983290512318,52.94730159279998,36.11374363592984,0.0897027659341556,3.473288447200157,0
2023-04-12,1.5262113809585571,4927300,0.0,52.94730159279998,34.48546461837101,-0.29821551569987487,3.473288447200157,0
2023-04-13,1.5077120065689087,2997700,-0.012121108924000867,48.69594079632342,33.4811319663189,0.08366477723061697,2.4224290553071453,0
2023-04-14,1.4984623193740845,4672000,-0.00613491645256159,46.61647831993175,31.829690707154832,-0.07934625752880439,2.4415535977768665,1
2023-04-17,1.5077120065689087,2606500,0.006172785978821205,49.03466965873229,30.34339779707425,-0.12668130958609508,1.2681683382879005,0
2023-04-18,1.5077120065689087,3080900,0.0,49.0346696587323,29.005734178001724,-0.17659241998004602,1.2565046345361526,0
2023-04-19,1.4984623193740845,8649800,-0.00613491645256159,46.437687270604286,26.14691274259302,-0.21863416330487764,1.2566886081091044,0
2023-04-20,1.4892125129699707,5703800,-0.006172865533233707,43.856818280004816,23.573977499906697,-0.25819168451051244,1.2568767435435422,0
2023-04-25,1.4707130193710327,3008400,-0.01242233290267214,39.035756814522166,23.32580593124083,-0.6063846127189944,1.1719462776061196,0
2023-04-26,1.4337137937545776,2743700,-0.025157338739190793,31.37205214739079,24.58152724454875,-0.10665289098625774,1.0483534889277832,1
2023-04-27,1.4522136449813845,1167100,0.012903447889944575,38.12123067309123,25.711676426525877,0.39334023840226007,1.060057019982346,1
2023-04-28,1.4614633321762085,3872900,0.00636937080627864,41.32680563647405,24.912682419770793,0.7069829704506035,1.1107386375319055,1
2023-05-02,1.4984623193740845,4152100,0.025316397875533525,52.30759937070798,22.793846850222913,0.4509416194875815,1.4078781154744726,0
2023-05-03,1.4707130193710327,5880200,-0.01851851704528862,45.25034766247391,21.37532272795962,0.4062591895019492,1.5132170177215405,0
2023-05-05,1.4522136449813845,1866300,-0.012578507258717009,41.13897550074842,20.09865101792266,0.41245007221056734,1.5200980168440352,1
2023-05-08,1.4707130193710327,7570000,0.012738741612557503,46.53633208998059,19.187786576291764,0.23009236126433227,1.6049929501033389,0
2023-05-09,1.4707130193710327,5668100,0.0,46.53633208998058,17.672685777104068,-0.008398628950806638,1.6007037922485665,0
2023-05-10,1.4707130193710327,9596100,0.0,46.53633208998059,17.96685989497002,-0.30122617589471046,1.5936486340399305,0
2023-05-11,1.4707130193710327,16561600,0.0,46.53633208998059,18.231616601049375,-0.4904294397802302,1.543514799043671,1
2023-05-12,1.4799628257751465,30140800,0.006289334684797643,50.02839573633946,21.107723049398203,-0.16985517223157093,1.2672001743200942,0
2023-05-15,1.4707130193710327,8838300,-0.006250026178373114,46.64330578549917,23.696218852912146,0.17022060454704088,1.2497422759387675,0
2023-05-16,1.4614633321762085,9127700,-0.006289253629358615,43.38183530786342,24.48375907802764,0.3941614254066884,1.2571895359697547,0
2023-05-17,1.442963480949402,10820600,-0.012658443643097761,37.54735523703722,23.818954980311748,0.050143405242401115,0.944550946112256,1
2023-05-18,1.4707130193710327,13392200,0.019230936047925917,48.98286058455032,23.22063932376603,-0.1284971895006273,1.0374699143618407,1
2023-05-19,1.4799628257751465,7873100,0.006289334684797643,52.22295860761415,23.179590744899947,0.1928407008662374,0.9502192561751042,0
2023-05-22,1.4707130193710327,13364000,-0.006250026178373114,48.780669869635204,25.0854199436655,0.18952184977593087,0.8986680452596016,1
2023-05-23,1.4799628257751465,7642300,0.006289334684797643,52.27593963646473,26.800666222554497,0.25284614191389715,0.9201381667271663,0
2023-05-24,1.4799628257751465,8822400,0.0,52.27593963646473,28.98294820283162,0.35093239735044124,0.9201381667271663,1
2023-05-25,1.4984623193740845,13369700,0.012499971807905741,59.15769498114959,30.946999679424472,0.6180878172744291,0.992183477812238,0
2023-05-26,1.4799628257751465,15501100,-0.012345651512054912,50.988300466577655,33.587704253543656,0.6202509498748019,1.072636775352812,1
2023-05-29,1.4892125129699707,11967700,0.006249945629532627,54.48051310617723,35.96433837025092,0.6897985703598298,1.0638391236864015,1
2023-05-30,1.5077120065689087,14303200,0.01242233290267225,60.702834360701715,38.103306399171416,0.8534189312490081,1.0799254366924576,0
2023-05-31,1.4522136449813845,97905800,-0.03680965684807502,41.70148614962596,35.62558412417558,0.1623626835498034,1.612194584868602,0
2023-06-01,1.4392139911651611,8955500,-0.008951612499406014,38.56009070738124,33.395634076679336,-0.1592226781051078,1.495488117173011,1
2023-06-02,1.4763551950454712,6240200,0.025806588949459197,50.41730977257891,31.388679033932714,-0.15690059797480063,1.726139827515185,0
2023-06-06,1.4484992027282717,6641000,-0.018868082972635536,43.432324439809804,30.06913642110003,-0.2145351761999777,1.819607828857623,0
2023-06-07,1.4299287796020508,5937100,-0.012820457954856423,39.38998903103624,28.88154806955061,0.1283805762027058,1.8305367896426845,1
2023-06-08,1.4577847719192505,4194700,0.019480685132410525,47.52934567255613,27.812718553156135,0.25106425962323536,1.9678482005348867,0
2023-06-09,1.4392139911651611,5752700,-0.01273904153192651,43.229121060060706,26.012860933064303,0.4543236972829728,1.9322410163156605,1
2023-06-12,1.4670699834823608,2958900,0.019355003834174767,50.667947884826944,23.924761692846282,0.33213108847198464,2.034829493622317,1
2023-06-13,1.4763551950454712,3727100,0.006329085638484777,52.95122092318402,22.712362385614256,0.13109733548518873,2.035130802783948,0
2023-06-14,1.4763551950454712,2842100,0.0,52.951220923184,21.621203009105432,-0.3845993223921015,1.9835303878020887,0
2023-06-15,1.4670699834823608,6129000,-0.006289280245208473,50.08910687164882,19.93255416070145,-0.4292304163405298,1.5810381206653172,0
2023-06-16,1.4299287796020508,21150000,-0.025316586324088397,40.386852989828284,19.136111376014533,-0.07865473726210309,1.7703498145954426,1
2023-06-19,1.4670699834823608,2530700,0.025974163475922518,50.94464816486971,19.10420164328317,-0.43209399550542005,1.7731229830427453,0
2023-06-20,1.4299287796020508,3968600,-0.025316586324088397,42.56797348751499,19.075491697997215,-0.20735640428449661,1.8571252623762147,1
2023-06-21,1.4577847719192505,5292500,0.019480685132410525,49.48912170751474,19.141140857502627,0.11491251507163741,1.9113979317956786,0
2023-06-22,1.4577847719192505,3512400,0.0,49.48912170751474,19.200225101057494,0.16537004286156068,1.8111711334970373,0
2023-06-23,1.4577847719192505,3841100,0.0,49.48912170751474,19.253400920256876,0.5155611314564966,1.7543694806099697,1
2023-06-26,1.4763551950454712,3678800,0.012738796209108338,54.50308963272116,20.51424326894643,0.5982035367191987,1.6905377926987806,0
2023-06-27,1.4577847719192505,7173500,-0.012578560490416946,49.08885554418762,18.591566746844215,0.5238573595698327,1.7266794877881766,1
2023-06-28,1.4670699834823608,2796700,0.006369398104554058,51.75158157316384,16.861157876952223,0.6245751224451918,1.7429847910247642,1
2023-06-30,1.4763551950454712,8312400,0.006329085638484777,54.40143752397195,15.303792532182054,0.6159363867382028,1.7420416407927468,1
2023-07-03,1.5042109489440918,3878900,0.018867921481295458,61.4574622541639,15.134259971786761,0.875833133071729,1.5574941116549468,0
2023-07-04,1.4763551950454712,4323800,-0.018518515583319295,52.440978226145404,14.981678458924218,0.7969325878280051,1.5329888083778573,0
2023-07-05,1.4206435680389404,7127400,-0.037735923708261065,39.54750103732288,15.669511356652862,0.10494626192203237,1.79536664367476,0
2023-07-06,1.4206435680389404,7292800,0.0,39.54750103732289,16.795504918680123,0.01014546696991638,1.6545883004101642,0
2023-07-07,1.4113582372665403,3025300,-0.006536003105421906,37.6431302081417,17.8089040810721,0.18090198637796004,1.6567306658222962,0
2023-07-10,1.3927878141403198,3661600,-0.013157838056896853,34.00440268834012,20.136571727228667,0.48868257787856656,1.6813850730454858,0
2023-07-11,1.3835026025772097,7456800,-0.006666637565924782,32.27136262056486,23.787029062806,0.6643402977685317,1.5695831752631777,1
2023-07-12,1.3927878141403198,3838400,0.006711379903307391,35.90114996280689,26.204292615398145,0.6932122470231746,1.6028852305351209,0
2023-07-13,1.3742173910140991,3150400,-0.013333275131849898,32.080498367385516,28.379823470047295,0.7501230866467785,1.5762093797671635,0
2023-07-14,1.3742173910140991,12542400,0.0,32.080498367385516,30.671075291304163,0.7689200007836036,1.5314723006912982,0
2023-07-17,1.3649320602416992,6619700,-0.006756813611235035,30.10294324712377,32.73320515968451,0.8235710811830894,1.235683881385978,1
2023-07-18,1.3742173910140991,3673200,0.006802778719078306,34.583502926694656,34.589122041226815,0.894480602812833,1.2908159990206658,0
2023-07-20,1.3463616371154783,8809300,-0.020270267339627224,28.494924363041342,36.987336411025,0.910316224848842,0.8836992755854808,0
2023-07-21,1.318505883216858,5774500,-0.020689652119247892,23.832839157767516,39.9718294445153,0.9033128163214893,0.9820171863650098,1
2023-07-24,1.3370763063430786,5692200,0.01408444464495906,32.06596040057491,40.510820013752536,0.8945862570267715,1.1952726383866052,0
2023-07-25,1.3277909755706787,4907700,-0.0069445032630900405,30.24941287816729,40.99591152606605,0.903276671756353,1.165833063545027,1
2023-07-26,1.3835026025772097,9649600,0.04195813048253805,49.37048476314017,37.92721063618546,0.6422280018897603,1.8739545184603745,0
2023-07-27,1.3556468486785889,6161300,-0.02013422587476943,42.84528295947159,35.165379835292924,0.4790825322348674,1.9599315522804597,1
2023-07-28,1.3927878141403198,12311700,0.02739722774993636,52.20395592816443,33.609609086056174,0.16645424282909743,2.126576273326728,0
2023-07-31,1.3649320602416992,11765800,-0.019999998288191656,45.935890121137156,32.20941355999511,-0.023870150667693393,2.234050231278793,0
2023-08-01,1.3277909755706787,11729500,-0.02721094020199344,38.99878376948701,29.55464906503022,-0.006374121758353564,2.386583091426922,0
2023-08-02,1.309220790863037,8408400,-0.013985774153691732,35.9801635244838,28.156298966085338,-0.006477750034781311,2.3870802163158626,0
2023-08-03,1.309220790863037,8648100,0.0,35.98016352448379,27.363318464651606,0.2162822119982121,2.324273433328693,0
2023-08-04,1.2999353408813477,3869200,-0.007092348400278947,34.33937894364359,26.649636013361242,0.6595679452899222,2.2447935699883925,0
2023-08-07,1.272079348564148,7302100,-0.02142875221648599,29.808325516041474,26.963273083463793,0.8710824595129305,2.2571292701325243,1
2023-08-08,1.2906498908996582,6581200,0.01459857229540873,36.05798700996971,27.24554644655609,0.9256885728098885,2.3352508473243168,1
2023-08-09,1.3277909755706787,13352300,0.02877704087909616,46.61980205539352,25.142551021886337,0.7243705050795791,2.079006992069647,1
2023-08-10,1.4392139911651611,53599100,0.0839160814047506,65.57431587056722,27.15799772336441,0.2653721743360154,3.3759210437780305,0
2023-08-11,1.4299287796020508,15285400,-0.006451585115284542,63.48698378088419,29.174651191842646,0.011834712912800692,3.3121725390883485,1
2023-08-14,1.4577847719192505,7951600,0.019480685132410525,66.98960244229403,30.989639313473056,0.0894348823170344,3.240596148248954,0
2023-08-15,1.4484992027282717,6450100,-0.006369643427372229,64.69114037313034,32.853609016581196,0.4089193942153936,3.0575456118572917,1
2023-08-16,1.4577847719192505,4807600,0.0064104758728822375,65.98778897527815,34.531181749378526,0.5838704980236298,2.9523237942468077,0
2023-08-17,1.4577847719192505,9725700,0.0,65.98778897527815,34.58204049958748,0.6281290753550086,2.9523237942468077,0
2023-08-18,1.4484992027282717,4764600,-0.006369643427372229,63.12584712626693,34.627813374775535,0.613863292230855,2.9474371895781353,0
2023-08-21,1.4484992027282717,3211600,0.0,63.12584712626693,34.669008962444785,0.5693251063173335,2.7550194403998995,0
2023-08-22,1.4392139911651611,5432100,-0.006410228977428267,59.91772566359832,34.70608647096523,0.4456265825761278,2.8240941213957838,0
2023-08-23,1.4206435680389404,3718500,-0.012903170230568972,53.83754709300366,32.992257258013524,-0.26866105236978305,2.844964195175567,1
2023-08-24,1.4299287796020508,5937800,0.006535919193248141,56.30108453735008,32.00260542047924,-0.474621728669722,0.9368782748225798,0
2023-08-25,1.4020729064941406,6551300,-0.01948060176511901,47.798233029202194,29.51542161943277,-0.7671288068750322,1.1030393436647483,1
2023-08-28,1.4113582372665403,3049000,0.0066225734263829494,50.563479365587774,27.27695619849095,-0.7584609532568402,0.8779525080835003,0
2023-08-29,1.3908227682113647,8353700,-0.014550146456754898,44.73968202784289,26.999143375515484,-0.725854643615518,0.9462593285105316,1
2023-08-30,1.446828842163086,30825600,0.04026830393619929,59.03686517489173,25.355532174017284,-0.6364359261820028,1.6811094857035378,0
2023-09-01,1.446828842163086,11837100,0.0,59.03686517489173,23.87628209266891,-0.5139909002602955,1.6811094857035378,0
2023-09-04,1.3721539974212646,7090400,-0.05161277033306744,41.40369549077963,23.630842182062917,0.03498867226843412,2.3345804256070766,0
2023-09-05,1.3534852266311646,10369400,-0.01360544867790714,38.2317200144824,24.34399596851758,0.5998992507468438,2.340849445471894,1
2023-09-06,1.4188257455825806,7188100,0.04827575334091305,52.41018155488373,22.253475798111975,0.42879417237772866,2.91250573622941,0
2023-09-07,1.40015709400177,5636200,-0.013157818455813985,48.85042873567244,20.3720016579322,0.4004078742489097,2.9136686312337257,1
2023-09-08,1.4188257455825806,4704700,0.013333255004589484,52.439699788201935,19.26370042029459,0.2226746824685616,2.9411841025024232,0
2023-09-11,1.4188257455825806,3748000,0.0,52.439699788201935,17.576929635276407,0.22833613444103362,2.8642016640707273,0
2023-09-12,1.4188257455825806,2846900,0.0,52.439699788201935,16.05883592876004,0.20300723699086012,2.858839960012938,0
2023-09-13,1.38148832321167,9279600,-0.02631572093131118,43.97398003830727,17.010574144520554,0.40802686507021313,2.952155500776028,1
2023-09-14,1.3908227682113647,4975100,0.0067568034002589705,46.37858436982019,17.867131931615262,0.22750679264994422,2.6112263299608927,1
2023-09-15,1.4281601905822754,11139600,0.026845564527914423,54.968411812957804,16.374387487370164,-0.5414508520002796,2.784940985205908,0
2023-09-18,1.4094913005828855,4636800,-0.013071985987635149,50.47615967165397,15.030917487549576,-0.4161204485590127,2.2140567304225574,0
2023-09-19,1.3721539974212646,4897600,-0.026489913876148297,42.71822566897622,15.588613285198505,-0.0313822375145629,2.353893793573934,1
2023-09-20,1.40015709400177,6591200,0.020408129578117773,49.22187396113718,15.328760755325902,-0.1324110362714609,1.8514781855772624,1
2023-09-21,1.4094913005828855,3783200,0.006666542362355532,51.270946810635266,15.094893478440559,-0.12095196693570331,1.8146148780790048,0
2023-09-22,1.40015709400177,7042600,-0.00662239389292818,49.07075298087935,16.05829266824676,-0.14884006651982126,1.7708317623318406,0
2023-09-25,1.38148832321167,5209900,-0.013333340144528472,44.79857254705652,16.925353580394997,-0.05452998136527263,1.8106882767323287,1
2023-09-26,1.4188257455825806,5191900,0.027026954729598485,53.7471061628161,16.746822426997802,-0.4620695808865069,2.039641363585788,0
2023-09-27,1.4094913005828855,13073100,-0.006578993247590259,51.43115446406924,15.680024623843517,-0.34390265563423744,1.8404562487981582,0
2023-09-29,1.4094913005828855,7423700,0.0,51.43115446406925,16.11794336207664,-0.33481802090662505,1.8341000817015938,0
2023-10-02,1.40015709400177,3987700,-0.00662239389292818,48.833416113199725,16.512052544914944,-0.17273874508793366,1.6117953249981851,1
2023-10-03,1.4188257455825806,5081400,0.013333255004589484,53.99696881931454,15.856442337018402,-0.23173636702416778,1.6239835473627717,0
2023-10-04,1.4094913005828855,4693500,-0.006578993247590259,51.13032467981869,15.266399769455408,0.23976640038297717,1.35174817085428,1
2023-10-05,1.4374946355819702,8827700,0.019867689135437905,58.478164662558065,14.635816916929674,0.6367434923419625,1.3439985216558517,0
2023-10-06,1.4281601905822754,8026200,-0.006493551188742841,55.39345074767128,14.068292349656513,0.7000673745993181,1.3652776118304568,1
2023-10-09,1.446828842163086,6404400,0.013071819046572841,60.07363423103186,14.398020394135846,0.8172182477811837,1.3786781004966446,0
2023-10-10,1.446828842163086,4054300,0.0,60.07363423103186,14.694775634167247,0.8600443818407826,1.2584274357202592,1
2023-10-11,1.4841665029525757,20150200,0.025806549953530045,68.2889462442935,15.385998521105071,0.9480111123561311,1.2347408853196842,1
2023-10-12,1.5028352737426758,7519500,0.01257862291930234,71.54202369336582,17.01625629997586,0.9700371970237126,1.1901724158442686,0
2023-10-13,1.47483229637146,4303800,-0.01863343099571846,61.09617507481403,16.837040474188917,0.91591545652028,1.4257319072415393,0
2023-10-16,1.4188257455825806,17714100,-0.03797486054968602,46.12877059290818,18.063217271655926,0.5682777514641146,1.9493263166185355,1
2023-10-17,1.4281601905822754,7886600,0.006578993247590148,48.46668042123859,19.166776389376235,0.34058603565586365,1.9151626239619541,0
2023-10-18,1.4281601905822754,5660000,0.0,48.46668042123859,20.15997959532451,0.04516633021397477,1.8981371047758482,0
2023-10-19,1.4281601905822754,7223000,0.0,48.46668042123859,21.053862480677957,-0.11002545379923216,1.7848903111583578,1
2023-10-20,1.4374946355819702,4465500,0.006535992993817574,51.36214184641705,21.858350421792295,-0.3510634749027796,1.7838869355031424,0
2023-10-23,1.4094913005828855,5829700,-0.019480653566228856,43.26007726639089,23.847311548702038,-0.5044516503091729,1.8313722662231782,0
2023-10-24,1.40015709400177,7621100,-0.00662239389292818,40.872232562860674,25.637376562920803,-0.5896910231831431,1.8334651786783194,1
2023-10-25,1.4188257455825806,6232900,0.013333255004589484,47.33255336258886,24.030683661350228,-0.18766972742711527,1.6478313069719135,0
2023-10-26,1.3721539974212646,5489800,-0.03289463015921812,36.311844656421734,24.406121617452218,0.6653713242410478,1.752322726120617,1
2023-10-27,1.3908227682113647,5294500,0.01360544867790714,42.284422036617755,25.47078800923213,0.8312812537112627,1.8476439778773737,1
2023-10-30,1.4094913005828855,2202800,0.013422653696940179,47.73072203606418,25.71388871874292,0.7164368733557102,1.5389080025281494,0
2023-10-31,1.38148832321167,7707400,-0.019867435407111222,41.244057772912825,26.69172625922106,0.7581946533741722,1.627438553793744,1
2023-11-01,1.4094913005828855,4150700,0.020270151329339292,48.952326714721806,26.823099048379316,0.6217131591843077,1.7898137800353418,0
2023-11-02,1.40015709400177,3861600,-0.00662239389292818,46.68400893668849,26.94133455862174,0.5240569769390075,1.797240874016622,1
2023-11-03,1.4188257455825806,3218400,0.013333255004589484,51.66156516485431,27.047751256198353,0.09561534061108111,1.844634461207973,1
2023-11-06,1.4281601905822754,4208600,0.006578993247590148,54.04511070327802,25.45844633402755,-0.15993179754292655,1.7379237801841856,1
2023-11-07,1.47483229637146,9325300,0.032679881498556496,63.92699165207162,24.773398412919285,-0.12476420346934992,1.96461083230079,0
2023-11-08,1.4654978513717651,5847200,-0.006329156896455523,61.01152313596667,24.156855283921846,-0.11537242795256007,1.9745799178456973,1
2023-11-09,1.4841665029525757,5939600,0.012738777858552153,64.59924339101754,24.106699033103194,0.5813131686649718,1.5162555378652833,0
2023-11-10,1.4561631679534912,3629600,-0.01886805486000065,56.00918951892455,22.56387564286107,0.6382691410104839,1.716881342101642,0
2023-11-14,1.4188257455825806,7297500,-0.025640960568577675,46.79140397462979,22.175509551105495,0.45932352471455334,1.9285677803516938,1
2023-11-15,1.5121697187423706,22231400,0.06578959639716886,63.48468760821525,21.759199145044942,0.6599953929528776,2.6678227708666467,0
2023-11-16,1.5028352737426758,9109600,-0.006172881842560596,61.34619709722728,21.38451977959044,0.7108042168931618,2.679057012903876,0
2023-11-17,1.4841665029525757,9044400,-0.012422366653403905,57.07390770994615,20.509884971281362,0.6457039112489482,2.717227257453001,1
2023-11-20,1.5028352737426758,5329400,0.01257862291930234,60.156973732244225,20.14346547115837,0.6172169585485289,2.7151203985571613,0
2023-11-21,1.4654978513717651,13730600,-0.024844653983882803,51.87710745967724,18.504687116031512,0.3509648904590683,2.885377693234449,1
2023-11-22,1.4841665029525757,7457800,0.012738777858552153,55.295447062972855,17.029786596417342,0.3875219636849645,2.721333140971089,1
2023-11-23,1.4935009479522705,7190200,0.006289351620000216,56.99267042497064,15.969630516359246,0.39743561388224996,2.713038001419389,1
2023-11-24,1.5121697187423706,5553600,0.012500005986401774,60.33876485559016,15.499345724122175,0.5607743171091389,2.7120195740609145,0
2023-11-27,1.4935009479522705,4811200,-0.012345684851847394,55.53766414118885,13.969521951591975,0.4770658596904345,2.6631379989875246,0
2023-11-28,1.47483229637146,11027300,-0.012499926167711561,51.02644017256491,14.055689566219485,-0.4450015728524411,2.536351201577729,0
2023-11-29,1.446828842163086,8228500,-0.018987551518414025,44.94206546890219,14.133251592165616,-0.34033375601723936,1.4176815983670965,0
2023-11-30,1.4281601905822754,42176200,-0.012903151386517764,41.29474205213208,15.120017354697003,-0.0954038783106678,1.443218632774739,1
2023-12-01,1.4561631679534912,5564600,0.019607728569859262,48.289160131804906,15.308281871527154,0.025968828911244458,1.606163670725327,0
2023-12-04,1.454286813735962,2907400,-0.0012885604160461916,47.8645826347186,15.477719936674294,0.31902380330091146,1.5262309298421741,0
2023-12-05,1.444904327392578,2722700,-0.006451606557086986,45.63528188664615,17.0712689451612,0.41796748526833927,1.334880144753459,0
2023-12-06,1.4261394739151,2286300,-0.01298691762612425,41.35504674156643,18.505451998508633,0.5915994956264368,1.2803114198655825,1
2023-12-07,1.444904327392578,4173000,0.013157796849955883,46.8898467894084,19.796223032921556,0.5889036239625115,1.3572016488800411,0
2023-12-08,1.444904327392578,2475900,0.0,46.88984678940841,20.95791696389319,0.5702854193973587,1.249634085634067,0
2023-12-11,1.4355216026306152,4763000,-0.00649366507116389,44.308439530944334,22.003456738514956,0.5250408256660385,1.2220513349539008,0
2023-12-12,1.4355216026306152,3719500,0.0,44.30843953094433,22.944442535674547,0.2955500321069027,1.1875790541221807,0
2023-12-13,1.4073745012283323,4533800,-0.019607577726941217,36.80437094805378,25.480291894315837,0.5195089832317002,1.1971884304252063,0
2023-12-14,1.3979918956756592,16045100,-0.006666744029030003,34.631994362370406,28.560094414380806,0.7972058358532418,1.1535612206044554,0
2023-12-15,1.3979918956756592,13890700,0.0,34.631994362370406,31.33191668243928,0.8197918057119884,0.877769874159204,0
2023-12-18,1.3510794639587402,12200100,-0.03355701264222699,25.383567898692643,34.798074982647655,0.8488275853493221,1.2707806357948084,1
2023-12-19,1.3886094093322754,6476400,0.02777774836690239,39.69787791391338,38.176206582881846,0.833283209082303,1.6876215095823173,0
2023-12-20,1.3886094093322754,4035400,0.0,39.69787791391338,38.77967604724138,0.859134135225582,1.6591201976915857,0
2023-12-21,1.379226803779602,4082400,-0.006756835644074366,37.47875381504822,40.40592684287509,0.8217674703720812,1.5667217963548121,0
2023-12-22,1.3698444366455078,4945100,-0.00680262818876709,35.28707735941619,42.17113662325849,0.7843402652774666,1.5596175714255538,0
2023-12-26,1.3698444366455078,2665600,0.0,35.28707735941618,43.75982542560355,0.7313805261674465,1.5671823720284332,0
2023-12-27,1.3698444366455078,8093000,0.0,35.28707735941619,45.5104326241633,0.6572282129720718,1.5671823720284332,0
2023-12-28,1.3698444366455078,3237600,0.0,35.28707735941619,47.08597910286707,0.559922267656617,1.4781459850629466,0
2023-12-29,1.360461950302124,3327200,-0.00684930791583882,32.39930793378342,48.83815906894695,0.5078066092096054,1.4787151614559375,0
2024-01-02,1.360461950302124,6136900,0.0,32.399307933783426,50.724728183584645,0.36164358247592415,1.4787151614559375,1
2024-01-03,1.3698444366455078,5423200,0.006896544472486221,38.6024645212941,50.93700021829428,0.9144884628275479,1.0207071175952291,0
2024-01-04,1.3510794639587402,5112700,-0.01369861583167753,32.064112337490926,51.55057823411907,0.8761118697387105,0.5773647029799058,1
2024-01-05,1.3979918956756592,9663400,0.03472218545862793,53.800523177262036,47.62891885909153,0.20819909656937785,1.322475009265587,0
2024-01-08,1.379226803779602,5394600,-0.013422890328693815,47.10241719001291,44.099425421566735,-0.03487609357417172,1.3800707982004625,0
2024-01-09,1.3698444366455078,5964500,-0.00680262818876709,44.05534107944838,40.92288132779443,-0.047890601458575106,1.3800707982004625,0
2024-01-10,1.3698444366455078,4597000,0.0,44.05534107944838,38.84409520761945,-0.07142790120152741,1.3800707982004625,0
2024-01-11,1.3698444366455078,4535200,0.0,44.05534107944839,36.973187699461974,-0.10653935067270237,1.3800707982004625,1
2024-01-12,1.379226803779602,1561000,0.006849220891877339,48.61515991799781,34.10023165262145,-0.17647089232412994,1.3965030130833318,0
2024-01-15,1.379226803779602,0,0.0,48.61515991799781,31.514571210464986,0.1801220620320663,1.3715578598003855,0
2024-01-16,1.360461950302124,4050300,-0.013605342809503984,40.47046395376616,31.648949610903905,0.01635397851157923,1.4526693460075333,0
2024-01-17,1.3510794639587402,7896900,-0.00689654447248611,37.02441373102437,32.37670327921647,0.016355824989395504,1.446369925721149,0
2024-01-18,1.3510794639587402,6276700,0.0,37.024413731024374,33.031681580697786,-0.23751540932674847,1.3790448263731598,1
2024-01-19,1.3698444366455078,7389400,0.013888874183451083,47.96465364187606,31.086576032467015,-0.10478186532254538,0.8556821919528874,0
2024-01-22,1.3416966199874878,15907700,-0.020548184819400905,37.19515920884684,30.13130318809176,0.4936284880544354,0.981757946851706,1
2024-01-23,1.3698444366455078,15142700,0.02097927075219319,49.735119201106784,29.271557628154035,0.30482414591116963,1.2178275302580426,0
2024-01-24,1.3416966199874878,8191800,-0.020548184819400905,40.70474816793695,28.497809642770267,0.5109763950727604,1.381440853483809,0
2024-01-26,1.3135493993759155,19091300,-0.02097882650388938,33.871526686590705,29.956782085707594,0.7601906919866027,1.501934101543459,1
2024-01-29,1.3416966199874878,6247400,0.021428368529531783,44.267122432680786,29.948578531162127,0.6831964787070542,1.6800705700539487,0
2024-01-30,1.3323144912719729,3094900,-0.006992734852087845,41.83161807798991,29.941143983588592,0.6519534988505632,1.682467534264279,0
2024-01-31,1.2947843074798584,9778500,-0.028169162789998703,33.612195720491655,32.48045480012954,0.787317703361771,1.8372370297888008,1
2024-02-02,1.3323144912719729,8528000,0.02898566469743713,45.50874335003045,34.765802315673035,0.7204595349657579,2.1200234264009135,1
2024-02-05,1.3416966199874878,3324500,0.0070419775338161905,48.09243955471085,35.544723585148304,0.6134831759571088,2.1360704180844388,0
2024-02-06,1.3135493993759155,2597900,-0.02097882650388938,41.52865770660586,37.13363426848956,0.569676386837933,2.159704521260118,1
2024-02-07,1.3416966199874878,2248700,0.021428368529531783,49.22808412789949,38.563653883496684,0.4375112342313713,2.209224613539106,1
2024-02-08,1.3510794639587402,4241100,0.006993267950052617,51.58918308033501,37.424021325409555,-0.04876271495882244,2.105010856431359,0
2024-02-09,1.3229321241378784,1517600,-0.02083322304255031,44.66569311730335,36.99371618659339,-0.16810961702256638,2.1079423005634124,1
2024-02-13,1.360461950302124,8076100,0.02836867098431295,53.842743048099386,37.1633296162931,-0.07710899422461265,2.170357600798035,1
2024-02-14,1.3698444366455078,6412500,0.006896544472486221,55.87550823836376,36.14151472844152,-0.20249121892744792,2.0856664184662237,0
2024-02-15,1.360461950302124,6548900,-0.00684930791583882,53.26888466904249,34.13014951096826,-0.0972761461812037,2.084963167246033,1
2024-02-16,1.4167568683624268,13249000,0.04137926683491666,64.35470402599609,32.86563228933919,0.7797543011648257,2.11583946124721,1
2024-02-19,1.454286813735962,14247300,0.02649003947792017,69.68222541683727,33.48027337625582,0.9366409808737496,2.0912954278083284,1
2024-02-20,1.4636693000793457,11400500,0.006451606557086764,70.89073932137154,34.03345035448079,0.9541713651158666,2.0919908243528065,0
2024-02-21,1.444904327392578,12956100,-0.0128205002904348,65.12213869142208,33.6352698873755,0.9211004629385238,1.9750099460768906,0
2024-02-22,1.4261394739151,6311800,-0.01298691762612425,59.72239763598496,33.27690746698074,0.8439567826859781,2.0474299280500348,1
2024-02-23,1.4355216026306152,8923900,0.006578689452974018,61.49602954718316,30.08420893892029,0.7958793652485555,2.0473179353781545,1
2024-02-26,1.4730520248413086,24525000,0.026144101309181433,67.79855730776443,29.08468046295542,0.8052773200744189,1.8892397286916311,1
2024-02-27,1.50119948387146,16579700,0.01910825860558707,71.66370076767204,29.38264272497411,0.8282145099130288,1.815720705565357,0
2024-02-28,1.4730520248413086,16595900,-0.018749979155043173,63.2308091527364,30.008046404665738,0.7716724472317145,2.0331482221342596,0
2024-02-29,1.4636693000793457,16586000,-0.006369581388663947,60.59006703952866,29.151755861057353,0.6322381938851588,2.0294461756025397,1
2024-03-01,1.4730520248413086,7797200,0.006410413036233242,62.33774366387438,28.38109437180981,0.514165951948928,1.646363160810163,0
2024-03-04,1.454286813735962,12891100,-0.0127390009238596,56.745702887192486,28.164063298017663,0.45002216687779395,1.5136308640441374,0
2024-03-05,1.444904327392578,7268500,-0.006451606557086986,54.05198047901446,25.908091879804196,0.4484995920427174,1.508484085873791,0
2024-03-06,1.4167568683624268,7353100,-0.019480500194047456,46.66759991604166,23.877717603412076,0.19581854628499495,1.5786217327220082,0
2024-03-07,1.4073745012283323,13793600,-0.00662242572710392,44.42003584097504,22.603483310268114,-0.16261259992914429,1.5411331820686431,1
2024-03-08,1.4168199300765991,8054800,0.006711382677477173,47.26118311865192,22.006705450032918,-0.4805723224836997,1.5418845239831085,0
2024-03-11,1.4168199300765991,7744100,0.0,47.26118311865193,20.723737964384984,-0.36858947281438215,1.213283980485702,0
2024-03-12,1.3979289531707764,11874300,-0.01333336474508895,41.96448631769523,20.171591658992718,0.45460794959420514,0.9336400885830111,0
2024-03-13,1.3979289531707764,12457500,0.0,41.964486317695226,20.764152976517455,0.7486508123404899,0.8580596554586161,1
2024-03-14,1.4073745012283323,11044800,0.0067568155278074915,45.719666313488496,20.45735196112183,0.7249986648821297,0.9349260413146706,0
2024-03-15,1.3884834051132202,73295100,-0.013422934761589178,39.9721302375938,20.181242585662652,0.7864323632966999,0.9022946033637007,1
2024-03-18,1.4073745012283323,14055400,0.013605561323631221,47.32921761420281,18.72289805471919,0.6832068336207732,1.051353127548977,0
2024-03-19,1.4073745012283323,14946100,0.0,47.329217614202804,17.410387976870076,0.5488396718683992,1.049137047847635,0
2024-03-20,1.4073745012283323,6853600,0.0,47.329217614202804,15.904855031935984,0.38421464583311954,0.8651548151425927,0
2024-03-21,1.3979289531707764,14451100,-0.0067114673807945335,43.659175964960575,14.869232412174867,0.4537422503144864,0.8658443322267447,1
2024-03-22,1.4073745012283323,9990700,0.0067568155278074915,48.12836851239689,13.661475972006007,0.16815106972191196,0.8662739871291794,0
2024-03-25,1.3979289531707764,7074200,-0.0067114673807945335,44.23002136020951,12.574503313757283,-0.2647250609816294,0.8865697462798451,0
2024-03-26,1.3979289531707764,11072800,0.0,44.23002136020951,11.596227921333432,-0.10394597524346093,0.779369907159474,1
2024-03-27,1.4168199300765991,13226900,0.01351354577997288,53.52486818963806,11.162675114921377,-0.07538326724047108,0.8883763731751396,0
2024-03-29,1.4073745012283323,5935100,-0.006666640303229054,48.98895543214311,10.77248063340068,-0.38008835627656323,0.8994290948658683,0
2024-04-01,1.4073745012283323,3548500,0.0,48.98895543214311,10.421305600032053,0.3461858593549434,0.766599358184664,1
2024-04-02,1.4262653589248655,6804500,0.013422765354953903,57.815773131179895,12.766476562165261,0.6520825648521715,0.7633749082784806,0
2024-04-03,1.3979289531707764,10935900,-0.01986755520406769,44.87419617372365,13.591001144978993,0.49438247659993445,1.0185876729880374,0
2024-04-04,1.3979289531707764,9091400,0.0,44.87419617372364,14.333073269511349,0.41110581358033826,1.0185876729880374,1
2024-04-05,1.4262653589248655,6318900,0.020270276032137824,56.80972814529144,15.838452231068795,0.6124026761054073,1.1835025037151847,0
2024-04-08,1.4168199300765991,5350800,-0.006622490540881154,52.5923384228744,17.93751731823361,0.6305620029884774,1.2001622098027,0
2024-04-09,1.4168199300765991,10084600,0.0,52.592338422874406,21.02543673418021,0.5528485783278784,1.1723442285907177,0
2024-04-12,1.4073745012283323,10652700,-0.006666640303229054,48.176890460568174,23.80456420853215,0.248288878751885,1.199854019976992,0
2024-04-15,1.3979289531707764,9678300,-0.0067114673807945335,44.06614729923561,24.74533264260332,0.20391651796209448,1.1289487592364604,1
2024-04-16,1.4073745012283323,17582900,0.0067568155278074915,48.9098374389889,22.399705551265935,0.1573669763323466,1.1376098024964107,1
2024-04-17,1.4168199300765991,6603700,0.006711382677477173,53.39413290495715,21.661250272222848,0.17868701955810035,1.1568626352826192,0
2024-04-18,1.4073745012283323,11553200,-0.006666640303229054,48.6495976409624,20.05253293860911,0.37569625809811874,1.0840847833273242,0
2024-04-19,1.3790379762649536,12757400,-0.02013431743906613,37.53252738517607,19.118591731746484,0.41201140528539815,1.0891877674474442,1
2024-04-22,1.4073745012283323,7671300,0.020548038162173432,50.181592512302466,18.982870535830177,0.3333332492809475,1.291588521913129,1
2024-04-23,1.4168199300765991,13552400,0.006711382677477173,53.657115290593374,17.103216613463097,0.3641103732170769,1.1242046928455534,1
2024-04-24,1.435710906982422,6506700,0.01333336474508906,59.87739169452869,16.79930454440246,0.2596376940703897,1.181238668123799,0
2024-04-25,1.435710906982422,7291600,0.0,59.87739169452869,17.155130462946843,0.3432985434387356,1.181238668123799,1
2024-04-26,1.4546016454696655,5794200,0.013157759264327051,65.58082734952643,18.074660807074892,0.7218637736082215,1.1972811916943198,1
2024-04-29,1.482938289642334,12359000,0.0194806903050897,72.1735175747775,20.748061044762146,0.8786329842047739,1.2380165031517003,0
2024-04-30,1.4734925031661987,10381900,-0.00636964231223236,67.39249313291243,23.154121258680675,0.858547084725721,1.2971570351301673,1
2024-05-02,1.5679473876953125,28364500,0.06410272487043667,81.21704014694102,27.856803767947344,0.9474209026384199,2.288190217289425,1
2024-05-03,1.5868381261825562,19116300,0.012048069109646953,82.8342899022861,32.08921802628735,0.9599693565701388,2.2080769567619387,1
2024-05-06,1.6057292222976685,25216800,0.011904866541465386,84.33314799488575,36.50989917727516,0.9628062122315413,1.8957100767192536,1
2024-05-07,1.6718473434448242,45019000,0.04117638281038816,88.30449993548952,41.061793638825606,0.9762826810464994,2.061802742841824,1
2024-05-08,1.6812928915023804,15593600,0.005649767064314526,88.75688417707289,45.15849933186482,0.9702533449597305,2.068269376543201,1
2024-05-09,1.6907382011413574,11711900,0.005617884716408339,89.22016805903921,48.84552262689742,0.9570094598573339,2.0994811737161885,1
2024-05-10,1.7001837491989136,17477200,0.005586641415672666,89.69212055775712,52.24516296616084,0.9422716943622871,2.057180762476376,0
2024-05-13,1.6718473434448242,15428700,-0.016666672509627722,78.26977083423499,54.42956912550376,0.8919208339806867,2.322013957398507,0
2024-05-14,1.6718473434448242,21792900,0.0,78.26977083423499,56.39553466891239,0.8305242706581726,2.354769685414234,1
2024-05-15,1.6907382011413574,16375300,0.011299391520764646,80.33133965229774,58.164897775462364,0.8215091548089453,2.263599806299033,1
2024-05-16,1.7096292972564695,21252000,0.01117328283134511,82.20696672608209,60.18375737255461,0.7876454899802549,1.4285432453770315,1
2024-05-17,1.7568566799163818,18598800,0.027624340981814433,85.9331402813153,62.58039631241886,0.7621041608448967,1.5480674213351677,0
2024-05-20,1.7285202741622925,8363500,-0.016129036635724958,75.40563930691569,64.73737135829668,0.6881252435437818,1.7563349826217127,0
2024-05-21,1.7285202741622925,9019400,0.0,75.40563930691569,65.71695559702015,0.6933397107181181,1.3045122843119046,1
2024-05-23,1.747411012649536,14606200,0.01092884982005704,77.65831977529643,66.59858141187127,0.7412479964277947,1.325077793027724,0
2024-05-24,1.7096292972564695,8531400,-0.021621539019477387,64.52480459453871,64.56339024796425,0.719748459347277,1.5480508696420179,1
2024-05-27,1.7285202741622925,7899800,0.01104975033835598,67.5716349852368,63.036105393647176,0.8131742475744695,1.574587213921612,0
2024-05-28,1.7096292972564695,8185600,-0.010928987752242714,61.68508123326968,59.992894968747336,0.6447376745584816,1.5090473352114095,1
2024-05-29,1.7285202741622925,6278800,0.01104975033835598,65.0664809646162,57.99854096697767,0.3668818962781417,1.5303175601145822,0
2024-05-30,1.7285202741622925,8514900,0.0,65.0664809646162,56.20766290251972,-0.055266821157239014,1.5074202021509384,0
2024-05-31,1.7190228700637815,20044200,-0.005494528609514715,61.68745935296454,52.90744368098791,-0.5823241142754975,1.4906412130158726,0
2024-06-04,1.7190228700637815,11878400,0.0,61.687459352964545,48.482175594527384,-0.2673079464902779,1.1528654519752457,0
2024-06-05,1.709525465965271,7276700,-0.005524885249582612,57.970758444335004,44.49943431671291,-0.2948872378771525,1.0541816919799936,1
2024-06-06,1.7950018644332886,12352400,0.050000073219005126,73.7727601999665,44.00139631391213,0.2620878401524074,1.9309156668275116,0
2024-06-07,1.7950018644332886,17480100,0.0,73.7727601999665,44.621477242931746,0.6630945207655431,1.9178851819659746,1
2024-06-10,1.832991123199463,12455100,0.02116391047770194,78.25803392846926,45.17953777787031,0.8335361958856511,1.7837804005688913,0
2024-06-11,1.8234938383102417,14600300,-0.005181304354951677,74.70903686997801,46.171385226081604,0.8749203705542218,1.817688790774056,1
2024-06-12,1.8519859313964844,17539500,0.015625001021470464,78.03016666072182,47.6962164505309,0.8783863824746962,1.74331727371765,0
2024-06-13,1.8519859313964844,14712700,0.0,78.03016666072182,49.06856455253526,0.86389851105362,1.757949836602506,0
2024-06-14,1.8519859313964844,10035400,0.0,78.03016666072182,50.303677844339184,0.8417125116502022,1.757949836602506,0
2024-06-18,1.8519859313964844,13863300,0.0,78.03016666072182,51.855345362907826,0.8155667101828179,1.722585326428547,0
2024-06-19,1.8424885272979736,7185700,-0.005128226914417944,73.14988748079068,51.38663860557225,0.7459767966502142,1.7550792935004456,0
2024-06-20,1.8424885272979736,3114000,0.0,73.14988748079068,50.09923231621978,0.7409804915294264,1.7192676191579621,0
2024-06-21,1.81399667263031,14023700,-0.015463789459491006,59.39227999411699,49.31775099100008,0.3525860969097679,1.0393325049061855,0
2024-06-24,1.8044991493225095,5161600,-0.005235689486700723,55.52450596109153,46.19898832291682,-0.29631321516974796,1.0585088530030908,1
2024-06-25,1.8234938383102417,9991400,0.010526294232315658,61.14706740224658,43.39210192164188,-0.44896084103455014,0.8642721039337543,0
2024-06-26,1.8234938383102417,10149400,0.0,61.14706740224659,40.09453564249959,-0.7820402725299308,0.8483794986201485,0
2024-06-27,1.8044991493225095,4794800,-0.010416645556276638,52.892036570949195,37.12672743003078,-0.7662722590941178,0.7039629634432915,1
2024-06-28,1.8424885272979736,7436400,0.021052588464631317,63.76328408733739,35.699513620908455,-0.7101043520509126,1.0291226772073676,0
2024-07-01,1.7950018644332886,9813000,-0.025773111832790963,48.28658052017974,32.77305366379108,-0.4677864107109424,1.3025459561288812,1
2024-07-02,1.8424885272979736,8652900,0.026454937905971088,59.27083895597621,30.139239702385442,-0.2734130548604576,1.6048159771230661,0
2024-07-03,1.8044991493225095,7684700,-0.02061851534629411,49.857457881996574,27.768807137120366,0.1303965984673087,1.7257458593297126,1
2024-07-04,1.8424885272979736,10667900,0.021052588464631317,57.37868791333997,26.421091016783674,-0.17376659882201909,1.8741707968553036,0
2024-07-05,1.8424885272979736,9182300,0.0,57.378687913339974,25.93957318657646,-0.23254371533096183,1.7929926845687556,0
2024-07-09,1.8424885272979736,11285500,0.0,57.37868791333997,24.452993068074473,-0.10288301087705597,1.7780579322610475,0
2024-07-10,1.832991123199463,7459200,-0.005154661186649978,54.57154834719413,23.89570868672059,-0.0789592966788047,1.765845069130748,0
2024-07-11,1.832991123199463,12632100,0.0,54.57154834719413,23.39415274350209,-0.01957561916985265,1.765845069130748,1
2024-07-12,1.8424885272979736,9344800,0.005181369390339974,57.15908837865452,21.284451664585838,0.32730754422252184,1.7255651631807187,1
2024-07-15,1.8614832162857056,7448500,0.010309257673146943,61.972388595031404,19.38572069356121,0.4837726767276733,1.6258451075692237,1
2024-07-16,1.965954065322876,21881300,0.056122369583125,77.45311265405036,23.236544056240326,0.9080174168567424,2.1098298952744368,1
2024-07-17,2.032435894012451,11306400,0.03381657275835526,82.49253549378024,27.910297495216575,0.969684166204218,2.1876125086458718,0
2024-07-18,2.032435894012451,8294300,0.0,82.49253549378024,31.46533847795697,0.9508588204205553,1.9505424348546119,0
2024-07-19,2.032435894012451,2654800,0.0,82.49253549378024,34.664875362423324,0.9285603126515017,1.9571728911895312,0
2024-07-22,1.9754517078399656,12532200,-0.02803738427389557,65.32532760202511,34.417577027814055,0.8384259351879982,2.2894074453121567,0
2024-07-23,1.90896999835968,6532300,-0.03365392796819078,51.44666646514982,31.877802630998133,0.6524248111892135,2.629489023448012,1
2024-07-24,1.9279648065567017,4122300,0.009950291630221209,54.51448268369224,29.592005673863802,0.49455768479788625,2.61530801335825,0
2024-07-25,1.9184672832489011,10500100,-0.004926191222734411,52.66576074801566,26.66625448537269,0.25428659221505145,2.6311360114753395,1
2024-07-26,1.946959376335144,9174500,0.014851487609417013,57.47300185225048,26.39050363896427,-0.04553052982163469,2.6500839534167535,1
2024-07-29,1.984948754310608,7600000,0.019512157488859927,63.03472941067667,26.142327877196692,-0.4915324373873734,2.683090046860012,0
2024-07-30,1.9754517078399656,5592300,-0.0047845298021009786,60.82513807961705,25.91898001254136,-0.5992187307054411,2.05620294650831,1
2024-07-31,1.994446277618408,11240400,0.009615304541770842,63.65626905873339,26.6468806747822,-0.3591431813093708,1.7410291921174936,0
2024-08-01,1.984948754310608,4447600,-0.004761985025308002,61.199095200779595,27.301991270798954,-0.011552998308634873,1.7422310726639558,0
2024-08-02,1.946959376335144,6439200,-0.019138719774485002,52.237481117865414,24.806524393992312,0.5824763485471414,1.8185417544198434,0
2024-08-05,1.8614832162857056,14606800,-0.043902384964155994,38.23883109371396,25.37202765394195,0.8258800471198174,2.0979517138266632,1
2024-08-06,1.8899754285812376,6810800,0.015306188122600206,43.81531598816859,25.88098058789662,0.8756588873933407,1.9389932040880298,1
2024-08-07,1.9564567804336548,3643300,0.03517577575192243,54.472649582196254,24.349982689613512,0.8358172018787691,2.236113892931833,0
2024-08-08,1.9564567804336548,7866900,0.0,54.472649582196254,22.27038694957965,0.7858154566426758,2.2253074140310822,1
2024-08-09,1.984948754310608,6806800,0.014563047935379325,58.62510691517632,20.398750783549172,0.7304373198651521,2.223501484049624,1
2024-08-12,2.041933298110962,10900400,0.02870831988816014,65.59794014934448,19.974229545674767,0.6471510920912003,2.3201651761608475,0
2024-08-13,1.994446277618408,9464300,-0.023255911707049992,56.74345161908209,20.144241125767614,0.7331291823283193,2.4590851713672395,0
2024-08-14,1.994446277618408,15853900,0.0,56.74345161908209,19.094032704797204,0.774071901497103,2.4413936320335075,0
2024-08-15,1.984948754310608,9809700,-0.004761985025308002,54.91324217770234,18.148845125923835,0.8036310071802988,2.4413936320335075,1
2024-08-16,2.00394344329834,11669700,0.009569359887242612,57.928680723379586,16.904643653357503,0.8127488332487134,2.355079484570549,0
2024-08-19,1.994446277618408,18680800,-0.004739238381049393,55.853429685255854,15.38917446163801,0.6470261468210905,1.7280244900320731,1
2024-08-20,2.041933298110962,15739200,0.023809626273443074,63.181385486077126,15.126537946626234,0.6884179345300592,1.7928375608781337,0
2024-08-21,1.9564567804336548,6854700,-0.04186058269209059,47.434093861055885,13.692250141164985,0.16910998750106673,2.116756029971678,1
2024-08-22,1.9754517078399656,5475800,0.009708840796422091,50.48151438194235,13.308673066933608,-0.1599529967015897,2.1378803115384315,0
2024-08-23,1.9754517078399656,3273500,0.0,50.48151438194234,12.963453700125367,-0.3238854591476545,2.085502002059982,1
2024-08-26,1.984948754310608,7792300,0.0048075315802211804,52.19228630277969,12.307945862302324,-0.15734474491942158,1.838694931923521,0
2024-08-27,1.984948754310608,8707500,0.0,52.1922863027797,11.297654134888903,-0.15507661521379848,1.6905254083677732,0
2024-08-28,1.9754517078399656,6369400,-0.0047845298021009786,50.057243100858926,11.136559448540556,-0.14311657834148703,1.6961964080636018,0
2024-08-29,1.9391523599624636,7059600,-0.018375213999634044,42.648102893156285,10.034409666521928,-0.08769980095782713,1.7836758326164306,1
2024-08-30,1.9678096771240237,10805500,0.014778270007682615,49.23874105245726,9.849647651245576,0.2565921033996083,1.8288547134785547,1
2024-09-02,1.9869147539138796,5600400,0.009708803148980483,53.22076226325534,9.330151811713254,0.28782175985563946,1.8587007937885858,0
2024-09-03,1.9773621559143064,4053800,-0.004807754324012259,50.99818871754193,8.862605556134165,-0.020578685067607717,1.6569648820758052,0
2024-09-04,1.958257079124451,5066400,-0.009661900695687953,46.667341274218074,8.442291043546291,0.27127774738498056,1.0037985154883855,0
2024-09-05,1.9487046003341677,8130000,-0.00487805145305753,44.56484460920778,8.921961149575633,0.43191834231020937,0.9540061622279404,1
2024-09-06,1.958257079124451,6986600,0.0049019634831493075,47.20756630586684,9.766759821517038,0.4818993807312813,0.9739353620292155,0
2024-09-09,1.9009424448013303,15957800,-0.029268186967947196,35.82263084481815,11.970245151063029,0.6734300549984344,1.2971996222433313,1
2024-09-10,1.9104949235916135,3736100,0.005025127834042076,38.566311730274734,13.953381947654421,0.7385556272255608,1.324881759932969,0
2024-09-11,1.891390085220337,4890200,-0.009999941970722848,35.22028553537112,16.087026772727466,0.817425522616843,1.3396502344772936,0
2024-09-12,1.891390085220337,5845700,0.0,35.22028553537112,17.279777929362048,0.9331638762730808,1.2473327149507534,0
2024-09-13,1.8722848892211916,4513100,-0.010101139975532636,31.812713437799395,19.121673324931418,0.9439073235528329,1.1063290715870844,0
2024-09-17,1.8722848892211916,5442200,0.0,31.8127134377994,21.46116427971948,0.9206633408639242,1.0014306200691219,1
2024-09-18,1.8818376064300537,4314100,0.005102170756094537,35.65556473652073,23.566706139028735,0.878330837590155,1.0605002020669791,1
2024-09-19,1.9200471639633176,12709200,0.020304386203520153,48.54372890662667,21.947766724884676,0.6268974356945421,1.305655529125607,0
2024-09-20,1.9200471639633176,28841000,0.0,48.54372890662666,20.490721252155023,0.33583820345966175,1.3023654433422271,0
2024-09-23,1.9009424448013303,6349500,-0.009950130142924118,43.20215647216915,20.184732464632912,-0.13479002210127414,1.3071452687324627,1
2024-09-24,1.9869147539138796,13971000,0.045226150506379126,63.360682914612696,20.24468725957933,-0.33883234974788107,1.7003259148092518,1
2024-09-25,2.0728869438171387,26955000,0.0432691889442709,73.72304667560337,22.402311580510368,-0.16601008422031657,2.0959937656341636,0
2024-09-26,2.053782224655152,16636700,-0.00921647908438572,68.9108928712145,24.743864070934073,0.20285585306851098,2.0884910462057187,0
2024-09-27,2.006019592285156,10358100,-0.023255938140187116,58.33389766698156,25.817130351294708,0.45393835767142837,2.3108486792076484,1
2024-09-30,2.0251245498657227,17167900,0.00952381405148861,60.99470432587211,26.78307071708509,0.6219650505632722,2.2398578013795736,0
2024-10-01,1.9869147539138796,18419000,-0.018867874548445185,53.41457903796618,26.561755963471533,0.5699887842040496,2.390103484090887,0
2024-10-02,1.958257079124451,18455700,-0.014423202974852334,48.40189489593103,24.472176054041647,0.3765664734271341,2.4783172516942082,1
2024-10-03,1.9678096771240237,8851000,0.004878112328256634,50.13507518283116,22.973126303109176,0.19904231618509222,2.4145494383944124,0
2024-10-04,1.9487046003341677,6761500,-0.009708803148980483,46.65272993161661,21.62397403571003,-0.09144544870720218,2.446008764380549,1
2024-10-07,1.9869147539138796,16373500,0.01960797627981159,53.78603607130303,21.91678603913672,-0.6372699168954004,2.4674453372883742,1
2024-10-08,2.034677267074585,14935400,0.02403853163132519,61.02435692125551,23.35813840198785,-0.6835292907410455,2.1515668338764673,1
2024-10-09,2.0728869438171387,26866200,0.01877923214696886,65.78749495285408,26.13797909158125,-0.16158768322947034,1.7363330090561846,0
2024-10-10,2.0728869438171387,10983000,0.0,65.78749495285409,28.639835712215312,0.3133710585386536,1.7053611236848638,1
2024-10-11,2.082439661026001,12150900,0.004608412068663803,67.03107350409311,29.744184821291515,0.5629542253873907,1.4762083467822806,0
2024-10-14,2.0633347034454346,15343100,-0.009174315077707274,62.021430545348956,30.73809747699939,0.8245355521363669,1.5141965205756958,0
2024-10-15,2.053782224655152,21256900,-0.004629631234492226,59.54895371814485,30.435804407133936,0.8337883947551588,1.3550190428354374,1
2024-10-16,2.082439661026001,16931700,0.013953493231572356,64.29371014011762,31.066981107700588,0.7724626867124699,1.2318862454143857,1
2024-10-17,2.101544141769409,15521100,0.009174086097647471,67.14801992084932,31.91481036529017,0.7338180591005048,1.2341161068637414,1
2024-10-18,2.1110966205596924,11223300,0.004545457123846353,68.5449821071063,32.67785715545771,0.7316334595877779,1.0988953290213246,0
2024-10-21,2.082439661026001,8871800,-0.013574442427032984,60.03550650103428,34.215598637637235,0.6747194620465589,1.208034383228087,0
2024-10-22,2.082439661026001,12304400,0.0,60.03550650103428,33.59710585666678,0.5605087850551029,1.00399422640753,1
2024-10-23,2.1110966205596924,22077000,0.013761243636501108,65.34664258559238,33.98069645435315,0.6508130233252514,0.9220542917726249,1
2024-10-24,2.130201578140259,10697800,0.009049778865877434,68.45230474796291,34.32592892623994,0.7205792602135975,0.9458052356016383,0
2024-10-25,2.130201578140259,15522900,0.0,68.45230474796291,33.935446501715546,0.8082022410655662,0.9470862706233785,1
2024-10-28,2.139754295349121,3262600,0.004484419365233139,70.10612004260138,33.957300402742206,0.8100201699993116,0.8572839398168068,0
2024-10-29,2.101544141769409,14472400,-0.017857262239297178,56.85884006229164,33.97694446480797,0.5698357123666187,1.074272198604597,0
2024-10-30,2.091992139816284,7626700,-0.004545230225372565,54.02336690554685,31.77091364936457,0.26128556127820235,1.0096608902056774,1
2024-11-01,2.130201578140259,6047000,0.018264618492940476,62.36503337780709,29.14285304014648,0.3516960621646321,1.130133986759847,1
2024-11-04,2.1493067741394043,8299700,0.008968726807453198,65.81121136942372,26.25412765061525,0.5647246333449637,1.1521978937030772,0
2024-11-05,2.130201578140259,5816100,-0.00888900376112911,59.733734339865286,24.685622770389976,0.44341540076810426,1.0903479778614316,1
2024-11-06,2.139754295349121,5621300,0.004484419365233139,61.69876415008974,22.648257719445468,0.28438686846825223,1.088949904665272,0
2024-11-07,2.044229507446289,13750000,-0.0446428770398829,40.00649630579417,23.73904758841538,-0.1640059000526914,1.7806221262963575,1
2024-11-08,2.0633347034454346,6008300,0.009345915382569903,44.354142907137884,24.720758470488303,-0.10697998846711079,1.7828845991662705,0
2024-11-11,2.0251245498657227,8654600,-0.01851864048809293,38.20206746179719,26.529172125276336,0.3054211596472931,1.8429786546288587,1
2024-11-12,2.044229507446289,4850600,0.009433966706804853,42.623342109867124,28.4371557497873,0.6011002433731971,1.8772807272227046,0
2024-11-13,2.044229507446289,6368500,0.0,42.623342109867124,30.15434101184717,0.6507397239136172,1.8190287832414012,0
2024-11-14,2.006019592285156,5348100,-0.01869159750505034,36.22425543802353,32.28712173572193,0.7428076493913208,1.8893988451816632,0
2024-11-15,1.738550305366516,73085400,-0.13333333729505226,16.711030280954326,37.20638311350358,0.917419843647749,4.36382067352421,1
2024-11-18,1.7481030225753784,20137100,0.005494645268172782,18.454207878716044,41.80479466897024,0.9382161836663132,4.340236639482886,1
2024-11-19,1.7672076225280762,17703700,0.01092876089451078,22.0781553049926,45.48508812203734,0.9114499713230483,4.438366196957452,1
2024-11-20,1.7767603397369385,11808600,0.005405543235036836,23.955713412755223,48.79733901990244,0.8700148340762105,4.443539792495775,1
2024-11-21,1.824522614479065,12313100,0.026881664158036056,32.9332465455236,49.38913582507757,0.8012429739764433,4.532097814933099,0
2024-11-22,1.7672076225280762,12539400,-0.03141369227004798,28.45427168847237,49.921752949735186,0.7688732848275979,4.5189942700019925,1
2024-11-25,1.7767603397369385,15500100,0.005405543235036836,30.21195759958622,50.401108361927044,0.7149257315300238,4.557818888344188,0
2024-11-26,1.7672076225280762,6121400,-0.005376480437579212,29.409175100257446,50.99284180597091,0.6307771322233106,4.504219395631554,1
2024-11-27,1.7767603397369385,5542000,0.005405543235036836,31.43353750883724,51.525401905610394,0.43866249468808705,4.525374783232791,0
2024-11-28,1.7479479312896729,9892900,-0.01621626046174096,28.677463504657474,52.79292065518007,-0.22357397855410197,4.522548782953019,0
2024-11-29,1.7383437156677246,12316500,-0.005494566199613304,27.775479149204706,53.93368752979277,0.23404943995875305,1.5876930448680886,1
2024-12-02,1.7479479312896729,6430100,0.005524923256192249,30.214312477136595,54.96037771694421,0.5843443913257746,1.5878075946921644,1
2024-12-03,1.7959684133529663,6806100,0.02747249000023877,41.23776982862907,53.17521304795226,0.5619301464561424,1.7868260611853524,0
2024-12-04,1.7479479312896729,10385700,-0.026737932419224508,35.08066228791368,51.8441746800224,0.676157190012415,1.9913592447144195,1
2024-12-05,1.7671561241149902,11486700,0.010988996000095508,39.12055415959912,50.925454913757505,0.33471556576028266,1.7936905481732621,1
2024-12-06,1.8151767253875728,13949000,0.027173943839643444,48.093164203941264,47.65830401863581,0.1446606226861543,1.7193808999956643,0
2024-12-09,1.7863644361495972,4070600,-0.015872993981797423,43.79051609114975,44.71786747126773,0.03590870040053311,1.8128798544677611,0
2024-12-10,1.7575522661209106,7389800,-0.016128942922077782,39.83110557359692,42.852209353372686,0.14151805607790588,1.8833550442380758,0
2024-12-11,1.7383437156677246,9323100,-0.010929148921176135,37.33079573199741,41.882488829708265,0.2617116617087766,1.8982964236382527,1
2024-12-12,1.7479479312896729,3753700,0.005524923256192249,39.44264617185171,41.00974027955507,0.35899878720879785,1.8413115146844665,0
2024-12-13,1.7383437156677246,5624300,-0.005494566199613304,38.019110291325,40.2242666276806,0.5234135663331684,1.8413115146844665,1
2024-12-16,1.7479479312896729,8781300,0.005524923256192249,40.40880255370916,38.69525338543478,0.6274856686774571,1.8413115146844665,0
2024-12-17,1.728739619255066,12033100,-0.010989064199661058,37.219880278823226,38.60031289039724,0.6028627321813664,1.592057830428269,1
2024-12-18,1.7383437156677246,10731400,0.0055555482767248865,39.85669748827742,38.51486659308689,0.6904019493212988,1.3870139248291846,0
2024-12-19,1.7383437156677246,8794200,0.0,39.85669748827742,38.43796492550758,0.6682744267500408,1.3284833519428598,1
2024-12-20,1.7479479312896729,7421300,0.005524923256192249,42.82159894295829,37.37159404957555,0.4913147564251492,0.922506631373656,0
2024-12-23,1.728739619255066,8661900,-0.010989064199661058,38.59370350230016,36.41185997899962,0.5190987788605007,0.8620117490801891,0
2024-12-24,1.728739619255066,4640400,0.0,38.59370350230015,34.499852842073594,0.5269075978735251,0.7356915199845414,1
2024-12-26,1.776760220527649,6854800,0.027777810340967157,52.93561705316808,31.839408572255003,-0.03361325786313499,1.1132632950635124,0
2024-12-27,1.7671561241149902,6741600,-0.0054053981520402195,50.32373552204851,29.44500872941827,-0.2049028983486573,1.130983499120407,0
2024-12-30,1.7575522661209106,3611700,-0.005434640359741394,47.70828785392832,27.290069607697937,-0.19170144837999367,1.1305938046772477,1
2024-12-31,1.776760220527649,6317800,0.010928809786767912,53.12244651386725,26.862443766879988,-0.205053836150053,1.1661488339404973,1
2025-01-02,1.7959684133529663,2425600,0.010810796304080439,57.95898043141469,27.120955837025303,0.27549377905494155,1.104797189567571,1
2025-01-03,1.8151767253875728,3629700,0.010695239343739837,62.28281221497403,28.458647612878842,0.7210760818307537,1.1252405257732019,0
2025-01-06,1.7671561241149902,6353700,-0.026455055643317182,48.44319172435785,27.579946364454173,0.6851936810409885,1.4913650815401052,0
2025-01-07,1.7671561241149902,15509700,0.0,48.443191724357845,25.878594952726377,0.5756053273507541,1.4860317527142903,0
2025-01-08,1.7383437156677246,8564800,-0.01630439328709299,41.59651443734447,23.833164042752067,0.21575789779921872,1.5428654967929636,0
2025-01-09,1.728739619255066,4726300,-0.005524854679829327,39.52742134409266,23.301643628955173,-0.26561872996875674,1.5553383066028874,0
2025-01-10,1.728739619255066,2168400,0.0,39.52742134409266,22.823275256537972,-0.2922815371572348,1.2176700406773944,0
2025-01-13,1.6903232336044312,6314000,-0.02222219310689999,31.73263523704593,24.055498064541172,-0.13587438005398977,1.3666703311177129,0
2025-01-14,1.6903232336044312,4618400,0.0,31.73263523704593,25.164498591744053,0.13095095851334282,1.3726731329094632,0
2025-01-15,1.632698655128479,8171100,-0.03409086341023304,23.24421541204174,28.563597089718485,0.669957221913475,1.5610127425957017,1
2025-01-16,1.6423027515411377,6496500,0.0058823447808271645,26.866982745957962,31.84948544498446,0.8131622851358782,1.5005488223024572,1
2025-01-17,1.6615110635757446,6971700,0.011695962889048284,33.809474004272744,33.86911742601862,0.831131351185949,1.5152579693395885,0
2025-01-20,1.632698655128479,9460200,-0.017341087326411375,29.190998432672448,35.977526928205904,0.853562683618027,1.421095320291296,1
2025-01-21,1.680719256401062,4627700,0.02941179691778717,43.48698774290434,36.897128998238834,0.7260086687965295,1.8422132942256402,0
2025-01-22,1.6615110635757446,5913900,-0.011428555216561276,39.90617015631652,36.77344451245655,0.6432199848181339,1.8147742977723262,0
2025-01-23,1.6230944395065308,11029900,-0.02312149760022497,33.733483344301355,38.11334552709036,0.6343944860364332,1.9101124134867358,0
2025-01-24,1.6230944395065308,5786900,0.0,33.733483344301355,39.61303806437633,0.5754118406154313,1.9101124134867358,0
2025-01-27,1.6038862466812134,3342600,-0.011834303881391728,30.793310489862062,41.251049907880706,0.5750089125817412,1.839772808455594,0
2025-01-28,1.584678053855896,4433100,-0.011976031881976268,28.074487109323698,43.473752939621725,0.5522896135810541,1.8419890060554258,1
2025-01-31,1.6134902238845823,4271400,0.01818171833615012,37.300899792747856,42.18395770448815,0.7119596979069203,1.7014189410573075,0
2025-02-03,1.584678053855896,3921800,-0.01785704654554343,32.6476222565615,41.721326961682095,0.8425522207604771,1.7585557591723908,1
2025-02-04,1.6134902238845823,7243700,0.01818171833615012,40.8468842427361,40.577073954126966,0.7827593227391898,1.8309959287067614,0
2025-02-05,1.6038862466812134,7341600,-0.005952299593267263,39.084661397434516,38.82380400281729,0.8471732376345505,1.764565162017425,0
2025-02-06,1.594282150268555,6340100,-0.005988015940987967,37.2967901869488,37.69308039728166,0.7669951925204251,1.3871379797837606,1
2025-02-07,1.6134902238845823,4983300,0.012048101782229592,43.08254639934558,36.67543523703148,0.4045647976993111,1.466044415763028,0
2025-02-10,1.6134902238845823,9437800,0.0,43.08254639934559,35.75955459280631,0.06848217503493029,1.2811639314434289,0
2025-02-12,1.584678053855896,7050700,-0.01785704654554343,36.79518423137705,36.33415998460684,-0.05269144073148204,1.392707995833604,0
2025-02-13,1.5174492597579956,10077800,-0.042424260204977804,26.694922629031776,38.151913425897696,0.45784596771112895,1.8770027099248112,0
2025-02-14,1.4790328741073608,9482100,-0.025316421886001916,22.732913966347507,40.861189071702185,0.7659359804394156,1.9741103176342454,0
2025-02-17,1.4310123920440674,11060000,-0.03246748798080312,18.847717229188095,44.021446172399834,0.8875435623922675,1.9136632479722602,1
2025-02-18,1.440616488456726,13352000,0.0067113998914714035,21.817040614043194,46.86567762022567,0.9380468184699121,1.9831834875585759,0
2025-02-19,1.34457528591156,21111600,-0.06666673838229564,15.511016921854537,50.47454764662107,0.9631837881011045,2.439124497474622,1
2025-02-20,1.392595887184143,26583800,0.03571432687759635,27.200971799175296,53.72253067037693,0.9217359480044766,2.963382631271062,1
2025-02-21,1.4214082956314087,16923100,0.02068971243734241,33.34890966892954,55.95566633165747,0.8478572026961793,3.1537382086671157,1
2025-02-24,1.4694286584854126,6218400,0.033783651749881294,42.362761556192666,54.915590569088124,0.6931475402565858,3.395536142122029,0
2025-02-25,1.440616488456726,7224600,-0.019607736559585143,38.8592348936771,53.97951456511946,0.5553623021521231,3.395794031022501,1
2025-02-26,1.4790328741073608,10410200,0.026666629153876187,45.53274984256809,52.53998181852647,0.1862694143765584,3.579106765036371,1
2025-02-27,1.5174492597579956,5754400,0.025973990384642542,51.423946099124485,49.565399304864385,-0.30591625924396626,3.463569848411306,0
2025-02-28,1.325367093086243,81371800,-0.12658226654800053,32.12206790351739,50.10129665743034,-0.1478306491974947,5.298256585188536,1
2025-03-03,1.3541795015335083,20138700,0.021739191049457096,36.118386076752095,50.5836042747397,-0.018237769884649663,5.315325947989682,0
2025-03-04,1.325367093086243,16368300,-0.021276653807443924,33.90071178341611,51.289700508764085,0.09086618699253109,5.3254112382020535,1
2025-03-05,1.3541795015335083,13304800,0.021739191049457096,38.12216542141807,51.925181149725915,0.4533809081266286,4.944198559067094,0
2025-03-06,1.34457528591156,12711500,-0.0070922766229086776,37.24125969458158,52.49711558260647,0.6781471995253373,4.802017140253541,0
2025-03-07,1.315762996673584,17335600,-0.0214285429308948,34.577934065036494,53.335671381322605,0.8245319327090475,4.761567115723465,0
2025-03-10,1.2965548038482666,20758700,-0.014598520306375984,32.83834222528033,54.658436470865624,0.831748002672374,4.546488512387943,0
2025-03-11,1.248534083366394,15915600,-0.03703716984376104,28.811912996265516,56.20988692371069,0.8578464769114168,4.61415613393945,1
2025-03-12,1.2773466110229492,24208200,0.023077085391909113,34.19129480454398,56.951946977684415,0.7795188477203908,4.580982163305835,1
2025-03-13,1.3143428564071655,17194800,0.028963356590102185,40.59567219479562,56.41187977104729,0.6558767785902219,4.610518828025343,0
2025-03-14,1.3046070337295532,10100100,-0.007407369112368278,39.47246390409212,56.132511465216815,0.6221147168250569,2.3335196729612555,0
2025-03-17,1.3046070337295532,8259500,0.0,39.47246390409213,54.5508333821925,0.504548871071112,2.1916534483836294,0
2025-03-19,1.3046070337295532,17883800,0.0,39.47246390409212,54.28459925202968,0.4467880516730934,2.101385913477417,1
2025-03-20,1.3143428564071655,8764800,0.007462647698426084,41.68570175454062,52.30633585826108,0.16660212093609975,1.9713500504600956,1
2025-03-21,1.3338146209716797,14179600,0.01481482892351349,46.06809176936862,49.97885472916587,-0.35859838652173215,2.0389898626967535,1
2025-03-24,1.343550443649292,6297800,0.007299232235525865,48.22953041416778,46.81458423535978,-0.6912538210301303,1.9115601116390095,1
2025-03-25,1.4019657373428345,18357700,0.04347830330424918,59.14522444683836,42.86131181771256,-0.6197503689448436,2.202625672147242,0
2025-03-26,1.4019657373428345,16927900,0.0,59.14522444683836,39.66074417768483,0.08577326170889138,1.5846697492015887,1
2025-03-27,1.4409092664718628,9605100,0.027777803759197806,65.18664241173457,37.14633755301074,0.7980582301363808,1.6283125280928643,0
2025-03-28,1.372758150100708,22143100,-0.04729729897429702,50.62901261840673,34.38362127988786,0.7163011613095621,2.3733570464643567,1
2025-04-02,1.4117015600204468,14768400,0.02836873335400103,56.76007188356317,31.772469378358796,0.7570626661373309,2.4407210224477542,1
2025-04-03,1.4311734437942505,9885700,0.013793201286482759,59.550725421519026,29.05897522114278,0.7917113541359979,2.428234383229941,0
2025-04-04,1.4311734437942505,8047300,0.0,59.550725421519026,26.616830479648364,0.7983709332752564,2.428234383229941,0
2025-04-07,1.3630222082138062,13255900,-0.047619130913836294,46.56511464252223,25.871298699366143,0.5068282336994833,3.0312112450919986,0
2025-04-08,1.343550443649292,15767400,-0.014285728029355571,43.55033293738983,25.200321390061553,0.06471523124053567,3.056091152627389,0
2025-04-09,1.3240787982940674,11591700,-0.014492679041016587,40.62771262576537,26.36868926197527,-0.42195391543593597,3.084942159017993,1
2025-04-10,1.3824939727783203,21333700,0.044117596746896526,51.48124456741653,24.06431984057289,-0.4717639686944613,3.0952389791951944,1
2025-04-11,1.4117015600204468,9576100,0.02112673748835925,55.954431266664585,22.308734336879606,-0.46502807567773313,3.1736555914579454,1
2025-04-14,1.509060263633728,13620100,0.06896549977027089,67.16602642645968,22.280072483168272,0.0633550377333278,3.7690595569118415,0
2025-04-15,1.489588499069214,10438400,-0.012903238547695262,63.570136828233856,22.25427681482807,0.20225168843103114,3.3721141028499964,1
2025-04-16,1.4993244409561155,7614900,0.0065359942648490765,64.6223784558813,22.23106071332189,0.5041667341131871,3.300590041575776,1
2025-04-17,1.586947321891785,17449300,0.05844157444655029,72.55077086606062,23.981659916449235,0.8180249395393154,3.688987558591507,1
2025-04-18,1.6161549091339111,13576200,0.018404887698041605,74.65451427760172,26.07830783432098,0.8895192118583977,3.67395366599163,0
2025-04-21,1.6161549091339111,4512800,0.0,74.65451427760173,28.447867901387987,0.8689203745895272,3.0608597403405104,0
2025-04-22,1.596683144569397,7436600,-0.01204820432402054,70.22478060797901,29.667254727692438,0.8223456530549744,3.0356825735014437,1
2025-04-23,1.6550984382629397,7067900,0.03658540136295896,75.14149795017218,31.473009822149333,0.8618491744638478,2.8560842153717427,0
2025-04-24,1.6258907318115234,10036700,-0.017647111359775258,68.82741728401703,32.17976484623962,0.8338244472592189,3.0104787532613546,0
2025-04-25,1.6064190864562988,4752800,-0.011975986438848674,64.79439691174984,32.81584436792087,0.7722651181170351,3.13632426457363,0
2025-04-28,1.596683144569397,7453700,-0.006060648786475165,62.751593776404945,33.388315937433994,0.6565300471056861,2.491443317221809,0
2025-04-29,1.586947321891785,8220000,-0.006097529563536375,60.62779668220729,33.336945366344814,0.4353774365530781,2.443098029178016,1
2025-04-30,1.6356265544891355,9893400,0.03067476275099068,66.85912689252237,33.84994354722388,0.1573774947098082,2.5587560391320596,0
2025-05-02,1.6356265544891355,11590000,0.0,66.85912689252237,35.272889619027644,0.04536814851788895,1.8828871277016281,0
2025-05-05,1.6258907318115234,11455900,-0.0059523505844847335,64.34465137027506,36.553541083651034,0.08616302254320077,1.820618314419724,1
2025-05-06,1.6940419673919678,32533000,0.04191624581346387,72.41393578908085,39.395123824992794,0.32688572019707507,2.2365071253504225,1
2025-05-07,1.7037779092788696,13782900,0.005747166879159771,73.3705445441763,41.952548292200376,0.37529801116001693,2.1556571342406374,0
2025-05-08,1.6550984382629397,8508800,-0.028571488543676304,61.5189018262993,41.49551648038706,0.6843362234369649,2.1372479403813918,0
2025-05-09,1.6550984382629397,2827300,0.0,61.518901826299285,41.084187849755075,0.804863243498582,2.0443167186906566,0
2025-05-13,1.6258907318115234,10538600,-0.017647111359775258,54.94461660667288,39.199792628530574,0.6880717706391473,2.094545728075337,0
2025-05-14,1.6064190864562988,10866700,-0.011975986438848674,50.91427190611476,36.17016504336614,0.39391964631322796,2.126075398471501,1
2025-05-15,1.6161549091339111,9403700,0.006060574578386824,52.83626885521907,33.44350021671814,-0.0813519564158698,2.11693301645115,0
2025-05-16,1.5674755573272705,9531900,-0.030120473929524216,43.3961353963948,30.50154765534979,-0.22690782734936266,2.075305442097383,0
2025-05-19,1.5480037927627563,9248900,-0.012422372057728115,40.20364611431469,28.972162483941094,-0.10131987064846316,2.0854943742515943,0
2025-05-20,1.509060263633728,16166500,-0.025157256920879334,34.554637691106215,28.567706136343844,0.34616947085297595,2.178555008670681,1
2025-05-21,1.5285321474075315,21184000,0.012903317543407011,39.29348015106792,28.79125983410741,0.661792758895172,1.5556577719654652,0
2025-05-22,1.5285321474075315,13569500,0.0,39.29348015106792,29.54606903541812,0.728311033952381,1.5001582255740402,1
2025-05-23,1.5772114992141724,8800200,0.03184712332626005,50.38222685411281,28.16732718226906,0.5829366229258934,1.870952739423573,0
2025-05-26,1.5577397346496582,11517800,-0.012345690209725091,46.59916634753184,26.926459514434907,0.5041144689915793,1.8775714787055566,0
2025-05-27,1.538267970085144,9592400,-0.012500011479063544,43.010768241230146,26.184689458936624,0.4539471506069209,1.8485781769176062,1
2025-05-28,1.5480037927627563,12051800,0.006329081061912323,45.348782466888075,24.44128697599808,0.31252027472570976,1.8664519190082787,1
2025-05-29,1.5577397346496582,7103000,0.006289352734417886,47.73141935860891,22.87222474135339,-0.1731758782153638,1.8677730826806718,0
2025-05-30,1.538267970085144,18592800,-0.012500011479063544,43.5155484057072,20.797652507753277,-0.40199523687337757,1.660536955218816,1
2025-06-03,1.5480037927627563,10695700,0.006329081061912323,46.15754729756872,19.526688719220424,-0.5673987913972326,1.6323353336049764,0
